"Person Id","Name","Gender","State","Age Category","Donation","T Shirt Size","Member","X Category"
1000,"Chris Koutros","M","TAS",1,$175,"XL","N","C"
1001,"Jo McClean","F","TAS",1,$488,"M","N","B"
1002,"Alessia Galifi","F","VIC",3,$179,"S","Y","A"
1003,"Katy Cleece","F","VIC",5,$0,"M","Y","A"
1004,"Debbie Cowley","F","NSW",3,$254,"M","Y","A"
1005,"Rhona Cowburn","F","TAS",2,$192,"XS","Y","D"
1006,"Beth Meehan","F","ACT",4,$206,"L","Y","B"
1007,"Matthew Parr","M","SA",3,$245,"XL","Y","D"
1008,"Jared Coyle","M","SA",4,$417,"M","N","C"
1009,"Joanne Sharples","F","SA",4,$90,"S","Y","B"
1010,"Sarah Rankin","F","NSW",4,$0,"S","Y","D"
1011,"Erika OReilly","F","QLD",2,$547,"S","Y","D"
1012,"Melissa Rapoza","F","VIC",1,$500,"XS","Y","D"
1013,"Sophie Poredos","F","WA",5,$498,"S","Y","C"
1014,"Josephine Walsh","F","QLD",3,$295,"M","Y","A"
1015,"Brian Barbieri","M","VIC",5,$0,"M","N","D"
1016,"Danning Cui","M","NT",5,$0,"M","Y","B"
1017,"Deanna Newman","F","SA",2,$149,"XS","Y","C"
1018,"Theodore Lazaretos","M","NSW",5,$405,"XL","Y","D"
1019,"Ronnie Lenzo","M","QLD",3,$31,"M","Y","A"
1020,"Julia Scarola","F","ACT",2,$0,"M","N","C"
1021,"Zoe Myers","F","TAS",4,$530,"XL","Y","B"
1022,"Jenna Kamber","F","WA",5,$491,"M","N","D"
1023,"Blair Habberjam","M","QLD",2,$0,"M","Y","A"
1024,"Madison Romeo","F","NSW",4,$238,"XL","N","D"
1025,"Paul Heck","M","QLD",1,$521,"XL","Y","B"
1026,"Cheryl Nehring","F","VIC",4,$251,"XL","Y","C"
1027,"William Seymon","M","VIC",5,$0,"L","N","B"
1028,"Lela Smith","F","VIC",5,$51,"XL","N","C"
1029,"Nathan Tan","M","SA",5,$0,"S","Y","C"
1030,"Lyndsay Wren","F","WA",1,$122,"L","N","C"
1031,"Ava glover","F","NSW",1,$270,"XL","N","A"
1032,"Agime Gjeshhitraj","F","NSW",4,$215,"XS","Y","D"
1033,"Jeff Park","M","SA",5,$101,"L","N","B"
1034,"Rebecca Nielsen","F","SA",3,$466,"M","N","B"
1035,"Daniel Smith","M","VIC",4,$285,"XS","Y","C"
1036,"William Lester","M","NT",4,$32,"S","N","D"
1037,"Vicki Burke","F","SA",2,$185,"XS","Y","A"
1038,"Grant Harris","M","NT",4,$393,"XXL","Y","A"
1039,"Carlos Pineiro","M","VIC",3,$142,"XL","Y","A"
1040,"Angela Beardsworth","F","ACT",1,$274,"XL","Y","C"
1041,"Kristy Gordon","F","WA",1,$123,"XXL","Y","D"
1042,"Antonella Bongiorno","F","ACT",4,$36,"M","N","D"
1043,"Craig Pollitt","M","NSW",2,$549,"L","Y","C"
1044,"Jessica Elliott","F","WA",1,$64,"S","N","C"
1045,"Lillian Knight","F","TAS",1,$348,"XXL","N","C"
1046,"Patricia Smith","F","WA",5,$259,"XXL","N","B"
1047,"Christopher Hargreaves","M","QLD",1,$0,"S","N","A"
1048,"Geoff Pearce","M","ACT",3,$210,"XXL","N","B"
1049,"Marcin Cieslar","M","QLD",2,$524,"XS","Y","D"
1050,"Lee Johnson","M","NSW",1,$122,"XXL","N","A"
1051,"Kurt Doerr","M","TAS",5,$343,"XL","N","D"
1052,"Rebecca Croft","F","VIC",2,$0,"XL","N","C"
1053,"James Moore","M","QLD",5,$0,"XXL","N","C"
1054,"Linda Roberts","F","ACT",5,$385,"L","Y","B"
1055,"Julie Bonnici","F","ACT",2,$182,"S","Y","C"
1056,"Jade Parker","F","WA",1,$525,"L","N","A"
1057,"Conner Sheridan","M","VIC",5,$400,"S","Y","A"
1058,"Lauren Gavin","F","NT",3,$337,"M","N","D"
1059,"Stephen Cottingham","M","TAS",1,$0,"XL","Y","D"
1060,"Laura Walker","F","SA",2,$535,"XXL","N","B"
1061,"Kylie Watson","F","TAS",2,$23,"L","Y","C"
1062,"Ying Liu","F","NSW",5,$0,"XL","N","D"
1063,"Tony Telford","M","WA",4,$180,"L","N","A"
1064,"Matthew Goetz","M","NSW",5,$534,"XS","N","D"
1065,"Renee Reichert","F","VIC",2,$113,"S","N","A"
1066,"Nicole Longhurst","F","SA",3,$425,"XS","N","D"
1067,"Michael Tobin","M","NSW",4,$0,"L","N","B"
1068,"Sam Chesterman","M","NSW",5,$114,"M","N","B"
1069,"Vin Bohnra","M","NT",2,$0,"S","Y","D"
1070,"Maricel Diaz","F","NT",3,$281,"XS","N","C"
1071,"Toni Hryziuk","F","NSW",3,$361,"S","N","D"
1072,"Daniel Gregson","M","WA",1,$501,"XXL","N","C"
1073,"Donald Kenny","M","NT",1,$401,"L","N","D"
1074,"Ali Holmes","F","WA",5,$407,"XL","Y","B"
1075,"Sarah-Jane Marshall","F","SA",5,$0,"L","N","C"
1076,"Tory Emme","M","NSW",2,$385,"XS","N","C"
1077,"Amanda Clarke","F","QLD",3,$390,"XL","Y","A"
1078,"Richard Beltiski","M","SA",1,$0,"M","N","D"
1079,"Jenny Banks","F","NT",2,$498,"M","Y","D"
1080,"Nichola Arnott","F","VIC",1,$115,"XXL","N","C"
1081,"Imogen Murray","F","NT",2,$229,"XS","Y","D"
1082,"Georgia Sharples","F","NT",5,$0,"S","Y","B"
1083,"Ethan West","M","NT",5,$0,"M","Y","A"
1084,"Joel Bendeich","M","ACT",4,$451,"M","N","D"
1085,"Jellen Adan","F","TAS",2,$399,"XL","Y","C"
1086,"Lesley Renshaw","F","TAS",3,$29,"XS","Y","B"
1087,"Darryl Heiner","M","NT",3,$66,"XL","N","C"
1088,"Jessica Lloyd","F","QLD",2,$78,"S","Y","B"
1089,"Rafael Riveros","M","NT",5,$512,"XL","Y","C"
1090,"Nico Scarso","M","SA",4,$413,"XS","Y","C"
1091,"Janet Tozer","F","ACT",3,$153,"L","N","C"
1092,"Nicola Greaves","F","VIC",3,$118,"XXL","Y","A"
1093,"Vicki Whittle","F","SA",4,$557,"L","N","A"
1094,"Nicholas Como","M","VIC",5,$15,"S","N","D"
1095,"John Lennon","M","SA",1,$376,"M","Y","A"
1096,"Lori Rossignol","F","NT",2,$407,"S","N","B"
1097,"Graham Watson","M","NSW",3,$312,"XL","Y","D"
1098,"Laura Williams","F","NT",5,$0,"S","Y","D"
1099,"Emma Mair","F","WA",4,$126,"S","Y","C"
1100,"Alexandra Scott","F","TAS",3,$155,"M","N","B"
1101,"Sarah Mead","F","TAS",1,$235,"S","Y","C"
1102,"Carlos Erceg","M","TAS",4,$0,"L","Y","D"
1103,"Greg Heath","M","SA",2,$0,"XL","Y","B"
1104,"Cesar Bonifacio","M","NSW",4,$456,"S","Y","B"
1105,"Lee Smethurst","M","NT",1,$0,"L","N","D"
1106,"Sue Barnes","F","TAS",1,$301,"XL","N","B"
1107,"Jane Smith","F","QLD",5,$69,"XL","Y","D"
1108,"Kyle Love-Hoskins","M","SA",4,$502,"XL","N","D"
1109,"Leanne Bell","F","WA",3,$0,"S","N","A"
1110,"Natalie Fitch","F","NSW",4,$521,"XXL","N","A"
1111,"Anna Motorina","F","SA",1,$53,"S","Y","D"
1112,"Elzaan van der Merwe","F","TAS",3,$260,"M","N","A"
1113,"Simon Jackson","M","VIC",2,$23,"XS","N","D"
1114,"P Cusick","F","QLD",5,$216,"S","N","C"
1115,"Melanie Tucker","F","QLD",4,$547,"XL","Y","A"
1116,"Taylor Wilkinson","M","ACT",5,$534,"XL","N","B"
1117,"Paula Mckeown","F","NT",2,$210,"XL","N","D"
1118,"Kimberley Rushton","F","ACT",4,$409,"S","N","A"
1119,"Carmen Quintana","F","QLD",1,$19,"M","N","B"
1120,"Rona Krogmann","F","SA",2,$0,"L","Y","D"
1121,"Helmut Haselroither","M","SA",2,$12,"M","N","D"
1122,"Siobhan Sunderland","F","NT",4,$413,"XL","Y","C"
1123,"Vinnie Stasi","M","WA",2,$0,"M","Y","C"
1124,"Lorraine Lettieri","F","NSW",1,$163,"XXL","Y","B"
1125,"Kaylee Walter","F","NT",2,$423,"M","Y","B"
1126,"Jackson Chabot","M","NT",2,$493,"S","N","C"
1127,"Gabel Tan","M","SA",5,$0,"M","Y","B"
1128,"Catherine Furesz","F","QLD",4,$0,"S","Y","A"
1129,"Emmanual Gonzalez","M","VIC",5,$233,"S","N","C"
1130,"Simon Heselden","M","TAS",4,$181,"S","N","C"
1131,"Kevin Stacey","M","NSW",4,$427,"XXL","N","D"
1132,"Ryan Grant","M","TAS",2,$567,"XL","N","D"
1133,"Hui Sun","F","VIC",2,$0,"XXL","Y","D"
1134,"Yazmin Morrison","F","QLD",4,$565,"XL","Y","B"
1135,"Ben Dowson","M","SA",5,$0,"XXL","N","A"
1136,"Sebastian Viloria","M","VIC",4,$454,"M","N","C"
1137,"Mandy Cowell","F","QLD",2,$399,"L","N","A"
1138,"Melissa Gillbride","F","NSW",5,$0,"L","N","A"
1139,"Yuri Miyakawa","M","NT",4,$561,"M","N","B"
1140,"Adam Turner","M","TAS",4,$0,"S","Y","B"
1141,"Denis Maksudovski","M","TAS",3,$318,"XXL","N","C"
1142,"Thomas Mormino","M","SA",5,$73,"XL","Y","B"
1143,"Tony Luck","M","NT",2,$297,"M","N","A"
1144,"Daniel Briscoe","M","WA",3,$381,"L","N","C"
1145,"Kyoko Miura","F","WA",3,$35,"L","Y","C"
1146,"Kay Pitman","F","TAS",1,$0,"M","Y","D"
1147,"David Wozniak","M","WA",1,$0,"XS","Y","C"
1148,"Laura Houghton","F","SA",4,$564,"XXL","Y","C"
1149,"Joseph Oliva","M","VIC",2,$582,"M","Y","D"
1150,"Debra Cooper","F","SA",2,$581,"M","N","B"
1151,"Norm White","M","WA",5,$568,"XXL","Y","D"
1152,"Lynne Kemp","F","WA",5,$454,"XXL","N","D"
1153,"Sal Puma","M","ACT",3,$463,"L","N","D"
1154,"Guy Walters","M","NSW",1,$417,"XL","N","B"
1155,"Kelly Fasone","F","WA",1,$290,"XL","N","D"
1156,"Albert Mazzoni","M","TAS",4,$248,"L","Y","B"
1157,"Tracey Ramsay","F","SA",3,$0,"S","Y","C"
1158,"Gary Hall","M","NT",5,$257,"XS","Y","C"
1159,"Megan Rapoza","F","SA",1,$29,"S","Y","C"
1160,"Jim Phelan","M","QLD",5,$106,"XXL","N","B"
1161,"Alex Yubo Cao","M","QLD",1,$294,"M","N","B"
1162,"Esther Stanier","F","VIC",1,$467,"XS","N","D"
1163,"Sonya Clarke","F","NT",1,$316,"XL","Y","A"
1164,"Matthew Ale","M","TAS",4,$297,"S","Y","A"
1165,"Donna Clancy","F","TAS",3,$269,"XL","N","C"
1166,"James Corbett","M","QLD",1,$334,"L","N","B"
1167,"Dmitri Wilkins","M","NT",4,$409,"XXL","N","D"
1168,"Lynne Knowles","F","VIC",5,$343,"M","N","D"
1169,"Natasha Monk","F","NT",2,$58,"XL","Y","D"
1170,"John Correia","M","NSW",2,$0,"L","Y","D"
1171,"Dawn Watkinson","F","SA",5,$292,"M","N","D"
1172,"Christina Basile","F","SA",1,$0,"L","Y","D"
1173,"Rob Reilly","M","NT",1,$572,"XXL","N","C"
1174,"Lucas Avallone","M","SA",2,$364,"L","N","B"
1175,"Brendan Bravo","M","WA",4,$234,"L","Y","C"
1176,"Debra Doggett","F","ACT",3,$349,"M","N","B"
1177,"Michael Ferdinando","M","VIC",1,$423,"M","Y","A"
1178,"David Burley","M","NT",5,$283,"XXL","N","B"
1179,"Patricia Obrien","F","VIC",3,$466,"XS","Y","B"
1180,"Warren Ballard","M","NSW",1,$448,"M","Y","A"
1181,"Nick Peragine","M","NT",1,$411,"S","N","D"
1182,"Jayden Contini","M","NT",3,$393,"S","N","D"
1183,"Oyoung Kwon","M","NT",5,$353,"L","Y","C"
1184,"Lee Mele","M","WA",1,$112,"XL","Y","A"
1185,"Cliff Wilford","M","VIC",5,$0,"S","N","D"
1186,"Merrick van Wyk","M","SA",2,$525,"S","Y","D"
1187,"Matthew Johns","M","ACT",1,$0,"S","Y","B"
1188,"Nicholas Bonella","M","TAS",2,$298,"S","N","B"
1189,"John Tell","M","ACT",3,$458,"L","Y","A"
1190,"Paula Hill","F","SA",5,$432,"XL","N","D"
1191,"Chris Carr","M","SA",5,$45,"L","Y","B"
1192,"Louise Johnson","F","VIC",5,$587,"M","Y","A"
1193,"Catherine Waters","F","NT",1,$252,"L","N","A"
1194,"Mark Anastasia","M","SA",1,$211,"XXL","Y","A"
1195,"Brad Byrne","M","NT",3,$238,"L","Y","A"
1196,"Susan Saddoo","F","NT",3,$76,"XXL","Y","D"
1197,"Natalie Taylor","F","NT",3,$188,"XL","Y","D"
1198,"Manisha Govender","F","TAS",4,$318,"S","N","B"
1199,"Allison Parker","F","NSW",2,$397,"S","Y","D"
1200,"Alison Christy","F","VIC",5,$0,"S","Y","A"
1201,"Tia Harris","F","VIC",1,$556,"L","N","C"
1202,"Paul Merrett","M","VIC",2,$128,"XS","Y","C"
1203,"Michael Cieslar","M","SA",4,$385,"XS","Y","B"
1204,"Ashley Borgstadt","F","WA",1,$324,"S","N","B"
1205,"Taj Arends","M","QLD",5,$541,"L","Y","C"
1206,"Kelly Mason","F","SA",3,$489,"M","Y","C"
1207,"Sharon Dorward","F","SA",3,$89,"XS","Y","D"
1208,"Carole Sewell","F","VIC",4,$596,"XS","N","B"
1209,"Savanna Mello","F","NT",1,$613,"L","N","C"
1210,"Ray James","M","TAS",1,$0,"L","Y","B"
1211,"Lachlan Scicluna","M","TAS",2,$149,"XL","N","A"
1212,"Astrid Murray","F","VIC",5,$19,"M","N","D"
1213,"Ryder Aslin","M","WA",2,$0,"S","Y","A"
1214,"Declan Grey","M","VIC",2,$522,"XL","N","A"
1215,"Alex Lamatina","M","NSW",3,$448,"M","Y","C"
1216,"Sal Toner","M","NSW",1,$0,"L","N","A"
1217,"Sophie Seymon","F","NSW",4,$0,"XL","N","A"
1218,"Mark Rolph","M","WA",5,$0,"XXL","Y","B"
1219,"Sheryl Kavanagh","F","TAS",2,$414,"L","Y","B"
1220,"Holly Carroll","F","NSW",3,$324,"M","N","B"
1221,"Mark Streeter","M","WA",2,$511,"XL","N","A"
1222,"Alexis Newey","F","VIC",2,$106,"M","Y","D"
1223,"Luke Hallam","M","TAS",3,$479,"M","N","A"
1224,"Jo Hutchinson","F","QLD",1,$145,"M","N","C"
1225,"Andrew Gonzales","M","SA",1,$523,"XL","Y","B"
1226,"Alma Nunwick","F","NSW",2,$18,"XL","Y","B"
1227,"Alison Brown","F","TAS",1,$171,"XXL","N","C"
1228,"Grant Olliver","M","NT",1,$471,"L","N","C"
1229,"Nigel Cochrane","M","ACT",3,$133,"L","Y","C"
1230,"Marie Mitchell","F","SA",3,$545,"XXL","N","C"
1231,"Levi Zhang","M","TAS",4,$212,"XL","Y","B"
1232,"Josh Gak","M","ACT",2,$333,"M","Y","C"
1233,"Oliver Carey","M","NT",3,$356,"XL","N","C"
1234,"Hugh Roberts","M","ACT",5,$340,"XS","N","C"
1235,"Rachael Smith","F","ACT",1,$595,"XS","Y","B"
1236,"Samuele Cheever","M","NT",2,$84,"M","N","A"
1237,"Thomas Bramwell","M","VIC",4,$601,"XXL","N","C"
1238,"Peter Flaskis","M","NT",3,$527,"XXL","Y","A"
1239,"Sandy Mason","F","NSW",1,$377,"XL","Y","A"
1240,"Madeline Gillen","F","SA",4,$559,"XXL","N","B"
1241,"Alexandra Hertz","F","WA",5,$58,"XXL","N","D"
1242,"Sarah Dix","F","NT",4,$304,"S","N","C"
1243,"Hannah Telford","F","WA",3,$61,"M","Y","C"
1244,"Christian Mesanna","M","NSW",3,$0,"XXL","Y","C"
1245,"Victoria Dynak","F","NT",1,$67,"XL","N","B"
1246,"Susan Williams","F","WA",4,$426,"XXL","Y","C"
1247,"Justine Hauser","F","NSW",3,$41,"XL","Y","A"
1248,"Joe Mancino","M","SA",3,$0,"M","N","B"
1249,"Christopher Parker","M","NSW",1,$0,"L","N","D"
1250,"Isabella Mejia","F","NT",2,$15,"XL","N","C"
1251,"Lisa Stevens","F","ACT",1,$343,"XL","Y","A"
1252,"Damien Carlson","M","VIC",2,$499,"XL","Y","D"
1253,"Chris Mendoza","M","NSW",2,$0,"S","N","A"
1254,"Mehek Haq","F","NSW",4,$381,"XS","N","A"
1255,"David OBrien","M","ACT",4,$314,"XXL","N","C"
1256,"Theodore Clifton","M","QLD",3,$191,"XXL","N","C"
1257,"Drew Kelly","M","SA",1,$0,"XL","N","D"
1258,"Brett Wood","M","VIC",5,$0,"S","Y","C"
1259,"Sophia Caviccha","F","QLD",1,$404,"L","Y","D"
1260,"Holly Chesterman","F","WA",3,$0,"L","N","B"
1261,"Michael Busam","M","QLD",3,$516,"L","Y","C"
1262,"Lachlan Wilson","M","NT",5,$93,"XXL","N","A"
1263,"Daniel Martin","M","WA",5,$239,"M","N","D"
1264,"Tracy Simms","F","WA",4,$402,"L","Y","A"
1265,"Tara Manning","F","NSW",5,$0,"XXL","N","C"
1266,"Michelle Szymojko","F","ACT",5,$176,"XL","Y","C"
1267,"David Ronan","M","NT",1,$262,"M","N","B"
1268,"Jo Rayner","F","SA",2,$0,"XL","Y","B"
1269,"Briana Kodetsky","F","SA",3,$0,"XS","Y","D"
1270,"Hayley Unsworth","F","WA",2,$558,"XL","Y","A"
1271,"Craig Emme","M","WA",3,$39,"XS","N","C"
1272,"Genevieve Pattemore","F","SA",4,$0,"M","N","D"
1273,"Diana Conlon","F","VIC",5,$407,"XS","N","D"
1274,"Kris Ryan","F","VIC",1,$315,"M","Y","D"
1275,"Wayne Rushworth","M","WA",4,$191,"S","N","C"
1276,"Ben Commerford","M","WA",4,$0,"XS","Y","C"
1277,"Monica Leide","F","TAS",3,$425,"S","Y","C"
1278,"Edgar Samano","M","ACT",1,$233,"M","Y","A"
1279,"Geoffrey Bishop","M","ACT",3,$0,"M","Y","A"
1280,"Nicci Maher","F","QLD",5,$525,"XL","Y","B"
1281,"Oliver Davis","M","QLD",5,$334,"M","Y","C"
1282,"Bobby Capolongo","M","TAS",2,$589,"XL","Y","A"
1283,"Pauline Healey","F","ACT",2,$64,"M","N","C"
1284,"Mark Broadhurst","M","NT",4,$0,"M","Y","D"
1285,"Hayley Richardson","F","QLD",4,$578,"XL","N","D"
1286,"Ion Croitor","M","TAS",1,$112,"M","N","C"
1287,"Carl Schodde","M","WA",5,$595,"XS","N","D"
1288,"Russell Giambrone","M","ACT",3,$269,"S","Y","D"
1289,"Seth Lithisack","M","VIC",4,$467,"S","Y","C"
1290,"Jamie Street","M","ACT",1,$349,"S","N","B"
1291,"Alexandra Mccowen","F","SA",4,$0,"XS","N","A"
1292,"Stacey Hager","F","VIC",5,$215,"L","N","D"
1293,"Andrew Johnson","M","TAS",4,$167,"S","N","A"
1294,"Daniel Golden","M","SA",4,$415,"L","N","B"
1295,"Melissa Johns","F","SA",3,$256,"XL","Y","B"
1296,"Chelsea Sullivan","F","TAS",3,$0,"M","Y","D"
1297,"Lin Zhang","F","ACT",1,$487,"XL","N","A"
1298,"Stuart Clough","M","NT",2,$0,"XL","N","C"
1299,"Zach Dobeli","M","SA",5,$0,"M","N","D"
1300,"Lynn Decker","F","TAS",2,$427,"L","N","A"
1301,"Caroline Parry","F","QLD",3,$86,"L","Y","D"
1302,"Ian Richards","M","QLD",4,$503,"XL","N","A"
1303,"Aleisha Hibbert","F","TAS",5,$348,"XXL","Y","A"
1304,"Maria Whitty","F","TAS",5,$172,"L","Y","C"
1305,"Gerard Nicholson","M","SA",1,$0,"M","Y","D"
1306,"Sean Goodwin","M","ACT",3,$412,"L","Y","D"
1307,"Thomas Ainsworth","M","NT",3,$14,"M","N","B"
1308,"Kahlea Rainey","F","VIC",1,$197,"M","N","B"
1309,"Gwen Zantiras","F","NSW",3,$0,"M","N","B"
1310,"Jason Avallone","M","NSW",5,$114,"XL","Y","A"
1311,"Kyunghee Park","F","VIC",5,$447,"XXL","Y","A"
1312,"Heidi Webber","F","NSW",1,$92,"L","Y","B"
1313,"Bakhityor Subkhonkullv","M","ACT",2,$472,"L","Y","D"
1314,"Sara Chesney","F","SA",4,$0,"M","Y","C"
1315,"Cassandra Underwood","F","NSW",2,$580,"XS","N","C"
1316,"Neil Wheaton","M","QLD",4,$522,"M","N","B"
1317,"Natalie Croft","F","SA",5,$0,"XL","Y","C"
1318,"Paul Barry","M","WA",4,$404,"XS","N","C"
1319,"Jonathan Lanning","M","NSW",5,$176,"XS","Y","A"
1320,"Irving Van Der Merwe","M","VIC",5,$0,"XS","N","B"
1321,"Jon OBrien","M","NSW",4,$45,"M","Y","C"
1322,"Annette Hyland","F","QLD",1,$274,"M","Y","B"
1323,"Diana Dileo","F","SA",4,$348,"L","N","C"
1324,"Paula Veevers","F","NT",4,$238,"M","N","D"
1325,"Sierra Longhurst","F","WA",2,$454,"XXL","N","B"
1326,"Hildemarie De Bruto","F","TAS",1,$95,"M","Y","C"
1327,"Hannah Barlow","F","NT",1,$586,"L","N","A"
1328,"Lindsay Mello","F","TAS",3,$305,"M","Y","B"
1329,"Kelly Holding","F","VIC",4,$165,"L","N","B"
1330,"Tracy Dumon","F","NSW",2,$347,"XL","Y","A"
1331,"Terri Reid","F","WA",1,$187,"S","N","D"
1332,"Richard Clemo","M","SA",3,$80,"M","N","C"
1333,"Teresa Irvine","F","VIC",3,$127,"XL","Y","B"
1334,"Jude Ward","F","NT",5,$266,"M","N","C"
1335,"Arlene van Wyk","F","WA",1,$58,"L","Y","B"
1336,"Ricky Zeng","M","QLD",2,$133,"L","N","C"
1337,"Wendi Whittle","F","TAS",1,$595,"XXL","Y","D"
1338,"Maurice Mel","M","NSW",5,$269,"XL","N","A"
1339,"Kerrie East","F","TAS",5,$123,"L","N","C"
1340,"Sofia Pearson","F","TAS",1,$548,"XL","Y","C"
1341,"Krystle Paterson","F","ACT",1,$0,"XL","N","C"
1342,"Anna Johnston","F","QLD",5,$530,"XL","N","B"
1343,"Hennie Coetzer","M","NT",1,$508,"XL","N","B"
1344,"Hamish Seymon","M","VIC",4,$189,"L","N","B"
1345,"Jundi Zhang","M","NT",2,$0,"L","Y","A"
1346,"Snow Choi","F","ACT",2,$42,"M","N","D"
1347,"Mariel Bramich","F","SA",5,$281,"S","N","D"
1348,"Donna Rounds","F","WA",1,$579,"XL","N","C"
1349,"Ryan Dalton","M","NSW",1,$578,"S","Y","C"
1350,"Michael Schultz","M","VIC",1,$324,"M","N","A"
1351,"Vicki Robinson","F","TAS",4,$259,"XXL","Y","C"
1352,"Anthony Bonnici","M","VIC",3,$253,"M","Y","B"
1353,"Karen Mercer","F","QLD",3,$26,"XXL","N","C"
1354,"Chris Chabot","M","ACT",2,$0,"XL","Y","C"
1355,"Leif Lundberg","M","NT",3,$171,"M","Y","C"
1356,"Ingrid Gliottone","F","NT",1,$0,"XL","N","D"
1357,"Jackie Cohen","F","QLD",4,$553,"L","N","B"
1358,"David Marchant","M","TAS",5,$256,"S","Y","A"
1359,"Lisa Robinson","F","SA",3,$530,"L","Y","A"
1360,"Adele Morton","F","NT",3,$227,"XL","N","C"
1361,"Robert Parry","M","WA",5,$377,"M","Y","B"
1362,"Sarah Rosales","F","NT",3,$519,"S","N","D"
1363,"Lisa Defusco","F","NT",2,$494,"XS","N","C"
1364,"Angelika Pietroeyk","F","QLD",5,$235,"XXL","Y","C"
1365,"Andrew Howlett","M","QLD",1,$0,"M","Y","D"
1366,"Jenna Adams","F","TAS",3,$324,"XS","Y","B"
1367,"Julie Vickers","F","TAS",5,$398,"XL","N","D"
1368,"Vanessa Kraker","F","QLD",3,$165,"M","N","C"
1369,"Paul Halliwell","M","QLD",2,$389,"L","N","D"
1370,"Rhoda Cocks","F","NSW",5,$74,"XL","Y","A"
1371,"Christopher Hazel","M","WA",3,$477,"S","Y","D"
1372,"Emma Woodward","F","ACT",3,$399,"XL","N","C"
1373,"Barnaby Sumner","M","WA",3,$0,"S","Y","A"
1374,"Lea Jakupovic","F","SA",5,$315,"XL","N","C"
1375,"Peter Henry","M","WA",3,$321,"M","Y","C"
1376,"Emma Dippelsman","F","SA",5,$520,"XL","Y","A"
1377,"Caleb Parr","M","SA",5,$471,"XL","Y","D"
1378,"Elizabeth Grech","F","NT",4,$452,"S","Y","B"
1379,"Carol Sharpe","F","SA",4,$206,"L","N","B"
1380,"Rebekah Hutchinson","F","ACT",2,$428,"M","Y","D"
1381,"Kylie Tucker","F","QLD",4,$81,"S","Y","C"
1382,"Sayuni Batuwangala","F","NSW",2,$0,"S","N","B"
1383,"Georgina Kirchner","F","SA",1,$585,"S","N","D"
1384,"Michelle Just","F","TAS",2,$101,"XXL","Y","D"
1385,"Karl Cockcroft","M","WA",5,$0,"M","Y","B"
1386,"Kara Tattersall","F","VIC",3,$383,"S","Y","C"
1387,"Ben Carne","M","SA",3,$213,"XS","N","A"
1388,"Kylie Baldwin","F","ACT",1,$589,"XS","N","A"
1389,"Alexa Zambino","F","SA",5,$0,"XS","N","C"
1390,"Jenna Kurkinen","F","SA",2,$594,"L","N","D"
1391,"Phil Beeston","M","NSW",4,$611,"XXL","Y","C"
1392,"Christian Hope","M","SA",5,$0,"M","N","A"
1393,"Coral Finlay","F","WA",5,$36,"M","Y","A"
1394,"Gillian Bailey","F","ACT",3,$0,"L","Y","B"
1395,"Garrett Moroni","M","SA",2,$390,"XS","Y","C"
1396,"Stephen Kofod","M","WA",2,$608,"S","Y","D"
1397,"Joanne Pearson","F","VIC",4,$184,"M","N","D"
1398,"Vaughn Murray","M","ACT",2,$450,"M","N","A"
1399,"Scott Contini","M","TAS",2,$16,"XS","N","C"
1400,"Min Wang","F","ACT",4,$304,"L","Y","A"
1401,"Paul Asnthony","M","WA",5,$0,"S","Y","A"
1402,"Justine Wu","F","TAS",3,$0,"XXL","Y","A"
1403,"Amy Thorpe","F","VIC",2,$149,"XL","Y","D"
1404,"Luca Livigni","M","SA",1,$375,"M","Y","A"
1405,"Sue Crompton","F","NT",3,$0,"L","Y","B"
1406,"John Warlters","M","TAS",1,$57,"M","Y","C"
1407,"Yi Liu","F","ACT",2,$232,"M","N","D"
1408,"Tahlia Deng","F","VIC",2,$365,"XXL","N","C"
1409,"Julia Roloph","F","WA",4,$523,"XL","Y","B"
1410,"Olive King","F","NT",1,$0,"S","Y","B"
1411,"Katrina Hoey","F","VIC",4,$0,"M","Y","B"
1412,"Paul Kenyon","M","SA",2,$120,"XL","Y","C"
1413,"Allison Rail","F","NSW",3,$220,"XS","Y","D"
1414,"Leela - Rose White","F","ACT",2,$471,"M","Y","C"
1415,"Anthony Jamieson","M","QLD",1,$549,"M","N","C"
1416,"Ralph Cilento","M","SA",4,$562,"M","Y","D"
1417,"Alastair Mattin","M","NT",5,$554,"XL","N","D"
1418,"Robert Hanlon","M","VIC",2,$231,"L","Y","A"
1419,"Steel Reilly","M","NT",1,$0,"XXL","Y","B"
1420,"Nicola Roberts","F","SA",1,$522,"S","N","A"
1421,"Tracey Erceg","F","VIC",3,$31,"M","N","D"
1422,"George Bell","M","TAS",5,$52,"S","Y","C"
1423,"Dennis Rochford","M","TAS",2,$90,"M","Y","B"
1424,"Ricardo Sandoval","M","NT",1,$274,"XL","N","C"
1425,"Chris Colborne","M","NSW",1,$115,"XL","N","B"
1426,"Stephen Ferdinando","M","ACT",3,$0,"XL","Y","A"
1427,"Lia Smerina","F","ACT",1,$144,"L","N","C"
1428,"Greg Guglielmo","M","QLD",2,$452,"S","N","B"
1429,"Jessica Abel","F","NSW",5,$0,"L","N","B"
1430,"Robyn Logan","F","NSW",3,$499,"XXL","N","A"
1431,"Alex Rosales","M","TAS",5,$581,"XL","Y","C"
1432,"Anita Dunn","F","NSW",3,$0,"S","N","C"
1433,"Jane Walker","F","VIC",2,$424,"XXL","Y","B"
1434,"Don Jones","M","SA",1,$427,"XL","Y","B"
1435,"Machel Charles","M","VIC",4,$202,"XL","N","D"
1436,"Alex Rayner","M","SA",1,$541,"L","Y","B"
1437,"Joanna Ellis","F","SA",1,$13,"S","N","B"
1438,"Jenny King","F","QLD",3,$50,"M","N","D"
1439,"Melanie Balczunas","F","WA",1,$349,"L","Y","A"
1440,"Hayley Nash","F","WA",2,$0,"XXL","N","A"
1441,"Stefanie Gith","F","WA",4,$543,"XL","Y","D"
1442,"Kathleen Heck","F","NT",4,$65,"M","N","A"
1443,"Thomas Trapp","M","ACT",1,$379,"XS","Y","C"
1444,"Paige Irvine","F","ACT",1,$427,"XL","Y","A"
1445,"Patricia Wright","F","QLD",2,$200,"L","Y","C"
1446,"Blake Moren","M","TAS",5,$361,"XL","Y","A"
1447,"Lynn Eccleston","F","ACT",3,$362,"M","N","D"
1448,"Tahlia Haj","F","VIC",2,$117,"XL","Y","C"
1449,"Justin Terranova","M","NT",1,$150,"L","Y","A"
1450,"Kate Overend","F","WA",3,$161,"XL","N","C"
1451,"Ashley Hustwayte","M","NT",2,$542,"L","Y","D"
1452,"Thomas Hayes","M","NSW",3,$0,"M","N","C"
1453,"Jules Longdon","F","QLD",5,$155,"L","N","B"
1454,"Kayla Melidones","F","QLD",1,$0,"M","N","A"
1455,"Jiwoong CHANG","M","WA",4,$218,"XL","Y","B"
1456,"Carmelo Crawford","M","VIC",2,$404,"XL","Y","B"
1457,"Rebecca Stott","F","TAS",2,$564,"XXL","N","D"
1458,"Dorothy Liu","F","VIC",3,$0,"M","Y","A"
1459,"Di Turnock","F","WA",3,$144,"XS","N","D"
1460,"Martin Dowson","M","NT",2,$143,"XL","N","B"
1461,"Joseph Bufalini","M","NSW",3,$178,"M","Y","C"
1462,"Sandra Hinwood","F","NT",5,$341,"S","Y","B"
1463,"Karim Burkhardt","M","SA",2,$136,"XS","N","C"
1464,"Arber Kaziu","M","QLD",4,$603,"XS","Y","D"
1465,"Karen Smith","F","NSW",3,$0,"XS","Y","D"
1466,"Michael Williams","M","VIC",2,$0,"M","Y","C"
1467,"Ruth Watkinson","F","VIC",1,$339,"XL","Y","C"
1468,"Sandra Davies","F","NT",4,$202,"L","N","A"
1469,"Hayley Betts","F","NSW",2,$153,"M","Y","D"
1470,"Catrin Hobart","F","NT",2,$250,"L","Y","A"
1471,"Steven Last","M","TAS",2,$442,"XS","N","A"
1472,"Justin Robinson","M","TAS",4,$449,"M","Y","B"
1473,"Kayleen Condrick","F","NSW",3,$596,"M","Y","A"
1474,"Kathryn Abbott","F","NSW",5,$276,"L","N","C"
1475,"Rebecca Chesters","F","QLD",3,$0,"XXL","N","A"
1476,"Christine Sacrey","F","VIC",3,$0,"S","Y","B"
1477,"Darren Sunderland","M","NSW",4,$0,"XL","N","A"
1478,"Andrew Hallam","M","QLD",3,$584,"XL","N","A"
1479,"Michael Mason","M","VIC",3,$498,"M","Y","B"
1480,"Lydia Kennedy","F","VIC",2,$436,"XXL","Y","B"
1481,"Yvonne Boecker","F","WA",3,$10,"XL","Y","C"
1482,"Diana Raffellini","F","NT",3,$497,"M","Y","C"
1483,"Kathleen Russell","F","TAS",2,$0,"L","Y","D"
1484,"Laura Ketchell","F","NSW",5,$167,"XXL","N","D"
1485,"Joseph Rea","M","NT",3,$338,"XS","Y","A"
1486,"Helen Roberts","F","VIC",3,$24,"S","N","D"
1487,"Katie Lucas","F","ACT",1,$177,"XS","Y","B"
1488,"Kathy Mostert","F","SA",2,$437,"XXL","Y","A"
1489,"Christopher Bromley","M","ACT",2,$593,"XL","Y","C"
1490,"Jacob Brito","M","ACT",5,$463,"S","Y","C"
1491,"Lauchlan Quak","M","WA",5,$404,"XS","N","C"
1492,"Jason Henwood","M","VIC",4,$0,"XS","Y","B"
1493,"Emma Bendeich","F","WA",4,$292,"XL","Y","C"
1494,"Ros Cradden","F","ACT",2,$92,"S","Y","D"
1495,"Jesse van Wyk","M","NT",1,$63,"M","Y","B"
1496,"Kitty Synot","F","TAS",2,$0,"M","Y","B"
1497,"Matt Barber","M","TAS",1,$187,"M","Y","B"
1498,"Tania Cockcroft","F","ACT",5,$200,"L","Y","C"
1499,"Wignall Emily","F","ACT",1,$375,"XS","Y","D"
1500,"Vanessa Avallone","F","WA",3,$276,"M","N","B"
1501,"Celine Silva","F","NSW",2,$245,"XL","N","C"
1502,"Julie Peters","F","QLD",5,$308,"L","N","B"
1503,"Isabella Hager","F","WA",5,$24,"XS","Y","D"
1504,"Christopher Paxis","M","ACT",4,$524,"M","Y","A"
1505,"Ange Concepcion","F","WA",3,$129,"L","N","D"
1506,"Pippa Edwards","F","NT",2,$472,"XL","Y","B"
1507,"Riley Sumner","F","NT",3,$154,"XXL","N","D"
1508,"Claire Bertsch","F","QLD",4,$96,"XL","Y","A"
1509,"Louise Hannan","F","QLD",3,$110,"S","N","B"
1510,"Ciaran Fallon","M","WA",1,$431,"S","Y","D"
1511,"Pia Ingvorsen","F","VIC",2,$64,"L","Y","B"
1512,"Kelly Calvert","F","QLD",4,$578,"S","Y","D"
1513,"Diana Leva","F","QLD",1,$0,"XL","Y","D"
1514,"Debbie Graham","F","WA",5,$609,"XL","N","D"
1515,"Josie Swarbrick","F","NSW",5,$114,"M","N","A"
1516,"Jess Griffiths","F","NSW",2,$268,"M","N","D"
1517,"Kate Coehn","F","SA",1,$363,"M","Y","C"
1518,"Ryan Ashen","M","NSW",5,$273,"XL","Y","A"
1519,"Kimberley Cortes-Cheung","F","QLD",4,$179,"M","Y","C"
1520,"Shelbi Pashaj","F","WA",4,$0,"L","N","D"
1521,"Christopher Addie","M","TAS",3,$270,"XL","N","C"
1522,"Hyoju Jang","F","VIC",2,$245,"S","Y","A"
1523,"Samantha Zhang","F","WA",4,$90,"S","Y","B"
1524,"Heather Lawrence","F","NT",5,$107,"XL","Y","C"
1525,"Carly Ross","F","QLD",3,$464,"M","N","A"
1526,"Mia Buchanan","F","NT",3,$524,"M","N","B"
1527,"Beth Mcgovern","F","ACT",3,$28,"M","Y","C"
1528,"Susie Barton","F","NT",3,$563,"S","Y","C"
1529,"Ethan West","M","SA",1,$458,"L","Y","D"
1530,"Mohamed Khodir","M","WA",5,$330,"S","Y","C"
1531,"Brendan Lau","M","SA",1,$0,"XXL","Y","A"
1532,"Brett Johnston","M","QLD",5,$416,"M","Y","A"
1533,"Beatriz Agurre","F","QLD",3,$96,"XL","N","D"
1534,"Jarvis Li","M","QLD",2,$78,"XL","Y","B"
1535,"Jolanda Leitch","F","QLD",3,$42,"L","N","B"
1536,"Sian King","F","NT",4,$309,"S","Y","B"
1537,"Ismael Zopiyatle","M","QLD",1,$0,"L","Y","B"
1538,"Jessica Gilday","F","QLD",3,$309,"XS","N","C"
1539,"Gianna Badamo","F","NSW",1,$62,"M","N","A"
1540,"Matthew Seta","M","TAS",1,$0,"XXL","Y","B"
1541,"Alex Valenzuela","M","QLD",3,$33,"S","Y","A"
1542,"Isaac Sheran Ramirez","M","SA",5,$545,"L","Y","D"
1543,"Alison Parkinson","F","QLD",4,$154,"XL","Y","B"
1544,"Donald Madigan","M","VIC",3,$600,"S","N","C"
1545,"Domenick Moncada","M","WA",4,$270,"M","N","D"
1546,"Marnie Leibinger","F","ACT",3,$89,"XL","Y","C"
1547,"Chris Booras","M","NSW",2,$93,"S","N","B"
1548,"Lee Burton","M","QLD",2,$404,"S","N","B"
1549,"Tim Sullivan","M","SA",3,$516,"M","Y","A"
1550,"Haaije Pijl","M","ACT",3,$317,"L","Y","A"
1551,"Fino Villani","M","WA",5,$581,"S","N","C"
1552,"Nicholas Raffellini","M","NSW",1,$515,"L","Y","C"
1553,"Wayne Egan","M","SA",5,$220,"S","Y","B"
1554,"Vickie tuapola","F","NT",2,$0,"M","Y","D"
1555,"Ryan Lin","M","SA",5,$278,"XL","Y","C"
1556,"William Wakefield","M","QLD",5,$484,"L","N","A"
1557,"Mikaylah Thomson","F","TAS",4,$260,"M","Y","D"
1558,"James Gillen","M","VIC",4,$592,"S","N","C"
1559,"Sarorth Am","F","WA",4,$0,"XXL","Y","A"
1560,"Amy Paxton","F","NT",1,$561,"S","Y","B"
1561,"Chloe Reeve","F","QLD",5,$0,"S","Y","A"
1562,"Marcia Pound","F","NSW",1,$122,"L","Y","C"
1563,"Maxine Lenehan","F","NSW",5,$141,"M","Y","A"
1564,"Carol Meilak","F","NSW",2,$236,"XL","Y","C"
1565,"Edda Flaskis","F","QLD",3,$83,"L","Y","B"
1566,"Clare Wheeler","F","VIC",2,$395,"XXL","N","D"
1567,"Greta Dodd","F","QLD",5,$0,"S","N","D"
1568,"Dale Mcmenamin","M","WA",3,$52,"M","Y","B"
1569,"Lee Wakefield","M","WA",2,$462,"S","Y","C"
1570,"Natasha Davies","F","ACT",1,$0,"L","N","C"
1571,"Debra Corbett","F","WA",3,$277,"XS","Y","D"
1572,"John Leide","M","NSW",1,$83,"M","Y","B"
1573,"Silva Stiviny","M","QLD",2,$12,"XS","Y","C"
1574,"Ashleigh Marshall","F","ACT",5,$493,"XS","N","A"
1575,"Lauren Hatton","F","QLD",1,$0,"XS","Y","D"
1576,"Xiang Huang","M","ACT",3,$76,"S","Y","D"
1577,"Victor Mavricus","M","VIC",2,$466,"S","N","A"
1578,"James Rutherford","M","NT",1,$295,"M","N","D"
1579,"Jeremy Nolan","M","NSW",3,$415,"XXL","N","A"
1580,"Michelle Griffiths","F","NT",5,$212,"XL","Y","C"
1581,"Joseph Genovese","M","SA",1,$0,"XS","Y","D"
1582,"Fidel Nery","M","ACT",5,$0,"L","N","C"
1583,"Robert Morrison","M","TAS",4,$236,"M","Y","A"
1584,"Holden Coyle","M","ACT",3,$577,"S","Y","A"
1585,"peiran ma","M","NT",3,$98,"L","N","B"
1586,"Rachael Ackerley","F","NT",1,$237,"XL","N","C"
1587,"Kirstie Troutman","F","NT",1,$477,"M","N","A"
1588,"Scott Lamorte","M","WA",2,$313,"XL","N","A"
1589,"Alphonese Trapanese","M","QLD",3,$346,"XXL","N","B"
1590,"John Cipollini","M","TAS",4,$574,"XS","N","B"
1591,"Craig Crouch","M","ACT",4,$554,"XL","N","C"
1592,"Tom Kovacs","M","SA",1,$226,"XXL","Y","B"
1593,"Danielle Tecarr","F","QLD",1,$101,"S","N","C"
1594,"Deniz Ismic","M","NSW",1,$126,"XL","N","D"
1595,"Johanna Vazquez-Sharman","F","NT",3,$427,"XS","N","C"
1596,"Michael Rawcliffe","M","WA",1,$184,"XXL","Y","B"
1597,"Joe Barbera","M","SA",2,$579,"XXL","Y","D"
1598,"Robert Newey","M","WA",2,$482,"XL","N","D"
1599,"Lisa Emme","F","SA",4,$0,"M","N","A"
1600,"Jon-Paul Hogan","M","ACT",4,$0,"L","Y","C"
1601,"Katie Ninvo","F","NT",2,$544,"XXL","Y","B"
1602,"John Ciuffo","M","WA",3,$0,"XS","Y","A"
1603,"Linda Benvenuti","F","QLD",5,$520,"XL","N","D"
1604,"Tracey Waters","F","QLD",2,$372,"L","N","D"
1605,"Monique Gauci","F","NSW",3,$595,"XL","N","D"
1606,"Edel Pitman","F","VIC",3,$67,"XXL","N","A"
1607,"Kristy Boyle","F","VIC",4,$121,"XXL","Y","A"
1608,"Michael Capolongo","M","VIC",3,$138,"M","Y","D"
1609,"Panfilo Gomez","M","NT",2,$0,"XXL","Y","A"
1610,"Tegan Jones","F","ACT",2,$0,"XL","N","B"
1611,"Katherine Anticev","F","TAS",5,$302,"M","N","B"
1612,"ZihaoLi","M","WA",5,$260,"M","Y","D"
1613,"Ronnie Crawford","M","ACT",5,$248,"L","N","B"
1614,"Claire Brennan","F","NSW",1,$87,"XXL","N","A"
1615,"Bella Bonnici","F","TAS",5,$292,"L","N","D"
1616,"Hayden Free","M","ACT",4,$349,"XXL","N","A"
1617,"Sebastian Angelico","M","ACT",3,$346,"XS","Y","D"
1618,"Pat Chetirko","M","QLD",3,$464,"M","N","D"
1619,"Joseph Lonardo","M","NT",3,$570,"L","N","C"
1620,"Andrea Dapolito","F","NSW",5,$115,"S","N","A"
1621,"Robert Dillon","M","VIC",4,$265,"XXL","N","C"
1622,"Haqing Wu","M","VIC",2,$104,"XL","N","C"
1623,"Heather Radler","F","WA",4,$362,"S","N","A"
1624,"Everson Jiang","M","SA",4,$368,"L","N","D"
1625,"Tina Rouvray","F","VIC",2,$0,"XL","Y","D"
1626,"Christine Manthey","F","TAS",4,$328,"XXL","Y","C"
1627,"Kara Coyle","F","ACT",2,$307,"L","N","D"
1628,"Louis Messina","M","VIC",2,$46,"XL","N","C"
1629,"Michael Deluca","M","VIC",4,$16,"S","N","C"
1630,"Julian Grant","M","QLD",3,$368,"S","N","C"
1631,"Marc Jones","M","WA",3,$254,"S","Y","B"
1632,"Marina Hurkmans","F","ACT",2,$237,"S","N","B"
1633,"Nicole Gelfand","F","NT",1,$0,"S","N","B"
1634,"Steve Pellerin","M","WA",4,$130,"XL","N","C"
1635,"Andrea Grant","F","ACT",5,$0,"M","N","A"
1636,"Jonathan Mylroie","M","QLD",3,$280,"L","N","B"
1637,"Joy Watson","F","VIC",1,$307,"XS","N","B"
1638,"Justin Harris","M","QLD",2,$23,"M","Y","D"
1639,"Glenroy Shippard","M","NSW",3,$102,"L","Y","C"
1640,"Andrew Crowley","M","VIC",3,$541,"L","Y","B"
1641,"Lynda Hall-Watson","F","NSW",3,$166,"XXL","N","C"
1642,"Alex Melnichuk","M","SA",5,$349,"XL","Y","D"
1643,"Miquel Galindo","M","NSW",2,$596,"XS","Y","A"
1644,"Martin Wells","M","SA",3,$159,"XXL","Y","A"
1645,"Thomas Harrington","M","VIC",1,$102,"M","Y","B"
1646,"Michelle Zhang","F","ACT",5,$512,"XS","Y","D"
1647,"Paul Jacobson","M","TAS",3,$462,"S","Y","A"
1648,"Pietro Giove","M","WA",1,$376,"L","N","B"
1649,"Cheryl Bradley","F","VIC",5,$528,"XXL","Y","C"
1650,"Ron Edwards","M","ACT",2,$129,"L","N","C"
1651,"Robert Barkovich","M","WA",3,$57,"M","N","B"
1652,"Melanie Stumer","F","QLD",4,$318,"XXL","N","B"
1653,"Cruise Moore","M","NSW",4,$484,"XS","Y","A"
1654,"Paula Buchanan","F","QLD",2,$507,"L","N","D"
1655,"Renee Nolan","F","ACT",3,$0,"S","N","A"
1656,"Ella Erceg","F","WA",1,$416,"M","Y","D"
1657,"Katherine Baker","F","ACT",4,$282,"S","N","C"
1658,"Kirsty Aspinall","F","WA",5,$486,"S","N","A"
1659,"Anthony Zarella","M","VIC",2,$54,"XS","N","A"
1660,"Louise Withnell","F","WA",4,$499,"S","Y","B"
1661,"Savana Marie Bell","F","WA",3,$96,"S","N","C"
1662,"Bernice Fitzgibbon","F","TAS",5,$174,"L","N","C"
1663,"Matt Rutherford","M","WA",3,$251,"M","Y","D"
1664,"Joydip Majumder","M","VIC",3,$80,"XS","N","A"
1665,"Brian Radburn","M","ACT",5,$39,"XL","N","B"
1666,"Kylie Purkis","F","WA",5,$0,"XL","Y","B"
1667,"Nick Vahelensons","M","WA",3,$331,"S","Y","C"
1668,"Katie Dawson","F","NSW",2,$0,"S","N","D"
1669,"Ruby Hinwood","F","WA",5,$0,"XL","Y","C"
1670,"Jianbiao Liu","M","SA",3,$25,"S","N","D"
1671,"Matthew Bertone","M","WA",3,$318,"L","Y","D"
1672,"Fiona Gutteridge","F","VIC",1,$47,"L","N","C"
1673,"Natalie Lomax","F","QLD",2,$412,"L","N","A"
1674,"Aria - Jade White","F","NT",5,$466,"L","Y","C"
1675,"Adele Thomson","F","VIC",1,$614,"M","N","C"
1676,"Jeff Yang","M","QLD",2,$0,"M","Y","A"
1677,"Janette Rayton","F","SA",3,$304,"XL","Y","C"
1678,"Tony De Pinto","M","ACT",2,$384,"S","N","B"
1679,"Anthony Schwartz","M","ACT",1,$76,"M","Y","C"
1680,"Dave Capill","M","QLD",5,$26,"XS","N","C"
1681,"Elaine Reyes","F","WA",2,$372,"XXL","N","A"
1682,"Ben Kelly","M","WA",1,$79,"S","N","A"
1683,"Lou Aldorasi","M","TAS",3,$574,"M","N","C"
1684,"Michael Boyle","M","VIC",2,$0,"XXL","N","B"
1685,"Kristen Barry","F","SA",3,$29,"M","Y","C"
1686,"Will Sumner","M","SA",3,$559,"L","N","A"
1687,"Keegan Free","M","QLD",4,$533,"S","Y","A"
1688,"Jasmine Cadwallader","F","VIC",5,$259,"L","Y","D"
1689,"Lachlan Thomson","M","WA",1,$370,"M","Y","A"
1690,"Sally Myers","F","SA",1,$0,"S","Y","B"
1691,"Amanda Gould","F","NT",1,$463,"XL","Y","B"
1692,"Becky Fletcher","F","NSW",1,$160,"XL","N","B"
1693,"Christine Shepherd","F","TAS",5,$0,"M","Y","B"
1694,"Nic Sumner","F","SA",1,$0,"S","Y","D"
1695,"Robyn Duffield","F","TAS",5,$94,"XS","Y","A"
1696,"Corey Meilak","M","NSW",3,$392,"L","N","A"
1697,"Eli Quintana-Mutia","M","QLD",1,$135,"XL","Y","B"
1698,"Nina Gambino","F","NT",5,$105,"XS","N","D"
1699,"Jason Latendiessi","M","NSW",2,$596,"XS","Y","A"
1700,"Ravi Ramaiah","M","WA",5,$478,"S","N","D"
1701,"Emma Shawcross","F","VIC",3,$0,"S","Y","A"
1702,"Teagan Barry","F","ACT",1,$0,"M","Y","D"
1703,"Shane Pitman","M","VIC",4,$458,"XL","N","A"
1704,"Nicole Quak","F","QLD",2,$0,"XS","N","C"
1705,"Tania Wheaton","F","SA",3,$318,"XS","N","B"
1706,"Hui Hsien Liu","F","TAS",3,$261,"L","Y","B"
1707,"Lee Lawrenson","M","SA",4,$491,"S","Y","B"
1708,"Tryan Ciuffo","M","NT",1,$0,"S","Y","A"
1709,"Pat Burden","F","NT",4,$543,"XL","N","D"
1710,"Julie Kenderdine","F","QLD",3,$75,"XL","N","B"
1711,"Ana Sas","F","WA",1,$129,"S","N","B"
1712,"Siena Crawford","F","WA",1,$227,"XL","Y","D"
1713,"Katie Nigro","F","TAS",5,$399,"S","N","B"
1714,"Heidi McDonald","F","ACT",1,$612,"S","Y","A"
1715,"Vikki Kemp","F","SA",2,$582,"L","Y","A"
1716,"Graham Fraser","M","VIC",5,$0,"M","Y","A"
1717,"Julianna Bassano","F","NSW",3,$402,"XL","Y","D"
1718,"Greg Bendeich","M","NSW",2,$505,"L","N","B"
1719,"Caroline Orlando","F","TAS",4,$0,"S","N","D"
1720,"James Nancarrow","M","VIC",5,$108,"L","N","B"
1721,"Barbara Wicks","F","ACT",1,$465,"L","Y","C"
1722,"Ac Esparragoza","M","SA",3,$208,"L","Y","D"
1723,"Christian Huxley","M","ACT",2,$586,"S","Y","C"
1724,"Toby Biegel-Massa","F","NT",2,$50,"L","Y","A"
1725,"Sophia Firpo","F","NSW",1,$0,"L","Y","B"
1726,"Sara Chiu","F","NSW",4,$465,"M","N","B"
1727,"Diana Gil","F","SA",2,$155,"XS","Y","B"
1728,"Nev Quak","M","VIC",4,$26,"S","N","A"
1729,"Hannah Broadhurst","F","TAS",2,$0,"L","N","A"
1730,"Qirui Deng","M","VIC",5,$482,"XS","N","B"
1731,"Peter Anderson","M","QLD",2,$297,"S","N","A"
1732,"Shanshan Li","F","TAS",5,$421,"L","Y","B"
1733,"Dana Spinelli","F","VIC",2,$0,"L","Y","D"
1734,"Lyndsey Wise","F","ACT",4,$262,"M","Y","B"
1735,"Ellen Carrell","F","ACT",4,$453,"XL","Y","B"
1736,"Olivia Bonviso","F","SA",3,$241,"XL","Y","A"
1737,"Ian Gliddon","M","SA",4,$388,"S","N","B"
1738,"Sally Parr","F","NSW",3,$544,"S","N","A"
1739,"Jorge Hernandez","M","VIC",3,$0,"XL","N","B"
1740,"yingwei zhang","M","VIC",3,$54,"S","Y","B"
1741,"Cameron Johnston","M","SA",1,$152,"XXL","Y","D"
1742,"Keren Brown","F","ACT",2,$159,"S","Y","A"
1743,"Rosanne Murphy","F","VIC",5,$361,"M","N","D"
1744,"Kristie Langley-Gliddon","F","WA",2,$208,"S","N","B"
1745,"Charlie Parker","M","ACT",2,$300,"L","N","D"
1746,"Christophe Balczonas","M","WA",1,$97,"XL","Y","B"
1747,"Cesare Lucido","M","NT",4,$0,"S","Y","B"
1748,"Tazio Cutrona","M","TAS",4,$538,"XL","N","A"
1749,"Brittany Dumon","F","SA",5,$207,"XXL","Y","C"
1750,"Simon Goodhew","M","ACT",2,$84,"M","N","C"
1751,"Rebecca Oldnall","F","QLD",4,$0,"S","N","C"
1752,"Emma Park","F","QLD",1,$241,"XS","N","C"
1753,"Jaden Casanova","M","VIC",5,$430,"M","Y","B"
1754,"Amelia Chan","F","VIC",4,$31,"L","N","C"
1755,"Deb Burdfield","F","NT",5,$197,"S","N","D"
1756,"Sozan Awrahm","F","VIC",5,$425,"XS","Y","D"
1757,"Terry Taaffe","M","TAS",2,$403,"L","Y","A"
1758,"Karlene Govender","F","QLD",1,$336,"L","Y","B"
1759,"Peter Gangemi","M","TAS",3,$414,"L","N","C"
1760,"Jason Wei","M","NT",1,$277,"XL","N","C"
1761,"Aaron Collis","M","WA",5,$222,"S","N","B"
1762,"Wayne Harrison","M","VIC",3,$204,"XL","Y","C"
1763,"Jayden Irvine","M","SA",5,$241,"M","N","D"
1764,"Natalie Wilson","F","VIC",3,$0,"L","N","D"
1765,"Daniel Kane","M","NT",5,$0,"S","Y","D"
1766,"Daniel Cheever","M","NT",4,$0,"S","N","B"
1767,"Lucy Stanley","F","VIC",2,$555,"M","N","D"
1768,"Solita Lightfoot","F","WA",3,$163,"XXL","Y","D"
1769,"Lizanne Hodgens","F","WA",5,$313,"XL","N","C"
1770,"Isabella Swinnerton","F","TAS",5,$146,"M","Y","B"
1771,"Lauren Ball","F","SA",4,$14,"M","N","C"
1772,"Kurt Argent","M","ACT",5,$0,"XS","Y","B"
1773,"Gabbie Avallone","F","NSW",1,$0,"L","N","B"
1774,"Darren Grashuis","M","TAS",2,$296,"M","N","D"
1775,"Aaliyah Brown","F","NT",3,$357,"XS","N","C"
1776,"Sonia Watson","F","NT",4,$387,"XL","N","A"
1777,"Ivars Rinki","M","NSW",3,$0,"S","Y","B"
1778,"stephane moulin","M","ACT",3,$503,"S","N","A"
1779,"Mary Scott","F","TAS",1,$217,"L","Y","A"
1780,"Matthew Murray","M","SA",2,$114,"XS","Y","D"
1781,"Adriana Popovec","F","NSW",3,$437,"L","N","B"
1782,"Crystal Tang","F","VIC",3,$205,"L","Y","C"
1783,"Tim Zhakselekov","M","NSW",3,$0,"S","N","B"
1784,"Katie Marsala","F","NT",3,$212,"XL","Y","D"
1785,"Mario Montouri","M","TAS",5,$528,"XL","Y","A"
1786,"Bev Hewitson","F","QLD",5,$165,"L","Y","D"
1787,"Lisa Argent","F","NT",4,$201,"S","N","D"
1788,"Martin Rankin","M","WA",1,$454,"M","Y","B"
1789,"Amanda Richardson","F","VIC",1,$274,"XXL","N","C"
1790,"Angela Conte","F","TAS",1,$530,"L","Y","D"
1791,"Pascal Boucher","M","NSW",3,$211,"M","Y","A"
1792,"Michael Potestio","M","SA",3,$0,"XXL","N","D"
1793,"Denis Doda","M","VIC",5,$351,"XL","Y","B"
1794,"Maximillian Hauser","M","NSW",2,$563,"M","N","A"
1795,"Sarah Winstanley","F","QLD",4,$181,"M","Y","B"
1796,"Benjamin Aitken","M","ACT",3,$240,"XL","N","D"
1797,"Adrian Mysliwiec","M","QLD",1,$566,"XL","Y","D"
1798,"Alison Stansfield","F","VIC",1,$79,"L","Y","B"
1799,"Brooklyn Heselden","F","QLD",3,$352,"S","N","C"
1800,"Kerry Sear","F","NT",4,$605,"M","N","B"
1801,"Michael Gragnaniello","M","QLD",5,$490,"XL","N","C"
1802,"Alexander Alacan","M","TAS",4,$359,"S","N","B"
1803,"Larry Moss","M","WA",1,$175,"XL","Y","A"
1804,"Nicole Zhang","F","QLD",1,$0,"XS","N","C"
1805,"Max Borowiec","M","SA",4,$396,"S","N","D"
1806,"Faith Anderson","F","WA",3,$414,"M","N","D"
1807,"Sophie Pilkington","F","WA",3,$43,"XL","Y","A"
1808,"Theresa Dunigan","F","ACT",2,$349,"XS","N","D"
1809,"Alyssa Rouillier","F","QLD",2,$0,"M","N","D"
1810,"Susanne Meegan","F","ACT",2,$536,"S","Y","A"
1811,"Chloe Liu","F","NT",2,$73,"XL","N","B"
1812,"Jordan Mooney","F","WA",5,$401,"XL","N","C"
1813,"Carol Rhodes","F","ACT",2,$338,"XS","Y","B"
1814,"Marrisa Fracea","F","VIC",4,$218,"XL","Y","D"
1815,"Amadeo Finocchiaro","M","WA",4,$91,"XS","Y","A"
1816,"Paul Fitzpatrick","M","NSW",5,$0,"L","Y","B"
1817,"Michelle Clapham","F","ACT",5,$369,"XS","N","B"
1818,"Jennifer Mackay-Ortiz","F","TAS",5,$163,"M","N","B"
1819,"Stephen Towler","M","NT",3,$0,"S","Y","A"
1820,"Samantha Bernardes","F","TAS",2,$584,"XL","N","B"
1821,"Alexa Bruggemann","F","VIC",3,$587,"M","Y","D"
1822,"Jack Sicari","M","NSW",4,$154,"S","N","A"
1823,"Jason Barton","M","QLD",2,$56,"L","N","A"
1824,"Alison Shields","F","NT",1,$317,"M","N","A"
1825,"Julian Alacan","M","SA",4,$539,"S","Y","A"
1826,"Alexandra Chabot","F","VIC",2,$224,"L","N","C"
1827,"Nick Hyland","M","NSW",1,$27,"L","N","A"
1828,"Oliver Moogan","M","NSW",5,$572,"XL","Y","A"
1829,"Peter Mahoney","M","VIC",3,$460,"XL","Y","A"
1830,"Lisa Daccache","F","TAS",3,$369,"L","Y","C"
1831,"Jenson van der Merwe","M","VIC",3,$10,"M","Y","A"
1832,"andrew OBrien","M","NSW",1,$519,"L","Y","C"
1833,"Rose Wilson","F","NT",5,$333,"XL","Y","B"
1834,"Samantha Mitchell","F","ACT",1,$573,"L","N","D"
1835,"Eric McMullen","M","NT",2,$0,"M","N","D"
1836,"Andie Economos","F","TAS",4,$571,"XXL","N","A"
1837,"Vearney Frost","F","WA",3,$615,"XL","N","C"
1838,"Joe Mccann","M","WA",2,$0,"S","Y","B"
1839,"Brooke Appel","F","SA",3,$203,"XL","Y","B"
1840,"Chrissy Thompson","F","NT",2,$136,"S","Y","C"
1841,"Zoe Cain","F","TAS",3,$233,"XL","N","C"
1842,"Sam Bonnici","M","NSW",3,$588,"L","N","D"
1843,"Karen Ritky","F","WA",3,$139,"S","N","C"
1844,"Hope Cucuzza","F","SA",1,$197,"XS","N","B"
1845,"Cindy Han","F","VIC",3,$38,"XXL","Y","D"
1846,"Cathy-Lee Cunningham","F","ACT",4,$0,"XL","N","A"
1847,"Benson Lin","M","WA",4,$365,"M","Y","A"
1848,"Felipe Cifuentes","M","ACT",2,$161,"M","N","B"
1849,"Victor Ramirez","M","SA",4,$151,"XL","Y","B"
1850,"Alison Henwood","F","WA",5,$191,"S","Y","A"
1851,"Nelson Corones","M","TAS",5,$209,"L","Y","A"
1852,"Carmel Grashuis","F","ACT",3,$0,"M","N","D"
1853,"Madison Isaksen","F","QLD",1,$334,"M","N","B"
1854,"Dave Kuresa","M","WA",2,$118,"L","Y","A"
1855,"Jason Milton","M","QLD",1,$560,"L","N","B"
1856,"Melissa Huizer","F","VIC",2,$398,"XL","N","D"
1857,"Chris Hall","M","SA",1,$92,"M","N","C"
1858,"John Leone","M","VIC",4,$0,"S","Y","A"
1859,"Shaun Avallone","M","VIC",5,$425,"XS","Y","D"
1860,"Souky Littitisack","F","NT",4,$43,"XXL","N","D"
1861,"Brian Pack","M","TAS",5,$300,"M","N","B"
1862,"Hannah Crompton","F","WA",4,$247,"S","Y","D"
1863,"Victoria Thompson","F","QLD",5,$135,"S","N","D"
1864,"Daniel Sunderland","M","TAS",2,$569,"XS","Y","A"
1865,"Wendy Wei","F","TAS",3,$0,"XXL","N","B"
1866,"Lisa Viloria","F","SA",5,$311,"XXL","N","C"
1867,"Anne Kurkinen","F","VIC",5,$383,"XL","Y","D"
1868,"Sandy Towler","F","WA",3,$151,"S","N","A"
1869,"Craig Dixon","M","TAS",3,$0,"XXL","Y","A"
1870,"Greg Baker","M","TAS",2,$522,"S","Y","B"
1871,"Melanie Seymon","F","ACT",3,$341,"S","N","D"
1872,"Sandra Goetz","F","TAS",5,$31,"M","Y","A"
1873,"Kristie Scarr","F","WA",3,$0,"XL","N","A"
1874,"Christina Grainger","F","QLD",5,$365,"M","Y","C"
1875,"Edyta Wozniak","F","TAS",2,$280,"M","Y","B"
1876,"Samantha Hill","F","VIC",4,$491,"S","N","A"
1877,"Yuxin Li","M","ACT",2,$104,"S","N","A"
1878,"Thomas Joyce","M","SA",5,$242,"M","N","D"
1879,"Sethi Blare","F","VIC",4,$520,"M","Y","B"
1880,"Natalie OBrien","F","ACT",3,$0,"XXL","N","B"
1881,"Noel Ducray","M","SA",2,$0,"XL","N","B"
1882,"Matthew Harris","M","NSW",1,$0,"XXL","Y","B"
1883,"Neil Leadbetter","M","ACT",1,$572,"S","Y","D"
1884,"Olivia Pecak","F","NSW",1,$0,"S","N","B"
1885,"Dallas Huizer","F","ACT",1,$0,"XL","N","A"
1886,"Phillip Kolmykob","M","NSW",4,$192,"S","N","A"
1887,"Helen Sahgal","F","SA",5,$413,"XL","N","A"
1888,"Marie Anny Anikulapo","F","NT",1,$502,"M","N","D"
1889,"Madalene van Koeverden","F","VIC",1,$584,"M","Y","D"
1890,"Lucie Clipston","F","SA",2,$0,"XXL","N","D"
1891,"Sheree Thomson","F","WA",1,$459,"XL","Y","A"
1892,"Myrick Mutia","M","NT",2,$395,"S","N","A"
1893,"Jill Gardiner","F","WA",2,$0,"XS","Y","C"
1894,"Joseph Occhiuto","M","NSW",5,$0,"XL","Y","D"
1895,"Katie Paddock","F","NSW",3,$0,"L","N","A"
1896,"Clare Carley","F","WA",2,$462,"XS","N","D"
1897,"Allan Medland","M","ACT",1,$294,"L","Y","A"
1898,"Matthew Shen","M","TAS",1,$0,"S","N","C"
1899,"Harrison Gill","M","TAS",3,$482,"XL","Y","A"
1900,"Carson Steven","M","NSW",2,$0,"XXL","N","C"
1901,"Simon Christen","M","VIC",3,$323,"XS","N","B"
1902,"Michael Gutman","M","TAS",1,$227,"S","N","A"
1903,"Teddy Bonnici","M","VIC",5,$323,"L","N","B"
1904,"Jo Roberts","F","NSW",4,$0,"L","Y","C"
1905,"Elaine Watling","F","VIC",2,$480,"S","Y","C"
1906,"Paul Siconolfi","M","WA",5,$19,"M","N","C"
1907,"Narelle Oshea","F","WA",1,$193,"XL","Y","C"
1908,"Christopher Mcelduff","M","NSW",4,$362,"M","N","A"
1909,"Caroline Connolly","F","QLD",4,$0,"S","N","B"
1910,"Amber Barber","F","TAS",5,$0,"L","Y","D"
1911,"Louise Rutherford","F","WA",3,$275,"S","Y","C"
1912,"Chantelle Lau","F","NT",3,$19,"M","Y","D"
1913,"Paul Gardner","M","QLD",5,$309,"XL","N","B"
1914,"Sean OBrien","M","ACT",4,$189,"S","N","B"
1915,"Jihyun Park","F","NT",1,$0,"M","N","D"
1916,"Michael Grady","M","NT",3,$610,"S","N","A"
1917,"Michelle Ring","F","ACT",5,$176,"M","Y","C"
1918,"Matt Nolan","M","VIC",5,$232,"XL","N","B"
1919,"Rachel Glendening","F","TAS",4,$264,"XS","Y","C"
1920,"Amanda Goodwin","F","SA",4,$522,"XXL","Y","A"
1921,"Lindsey Collins","F","NSW",4,$480,"XXL","Y","D"
1922,"Caren Klavsen","F","WA",1,$439,"S","N","B"
1923,"Alyssa Quak","F","NSW",1,$528,"M","N","C"
1924,"Jenna Cedeno","F","ACT",4,$270,"L","Y","C"
1925,"Leanne Mole","F","NT",1,$154,"S","N","A"
1926,"Jake Lucas","M","VIC",1,$482,"M","N","C"
1927,"David Sheedy","M","NT",3,$362,"XS","N","B"
1928,"Anne Smith","F","TAS",3,$199,"L","Y","C"
1929,"Hugo Hinwood","M","TAS",1,$87,"M","Y","C"
1930,"Joanna Smith","F","WA",4,$499,"XS","Y","C"
1931,"Paul Mitsopoulos","M","QLD",5,$125,"L","N","A"
1932,"Maureen Morrison","F","NSW",4,$318,"M","Y","A"
1933,"Liz Petch","F","QLD",3,$210,"L","Y","D"
1934,"Kelly Joseph","F","TAS",1,$162,"S","Y","A"
1935,"David Dillon","M","VIC",5,$0,"S","N","A"
1936,"Larissa Cleary","F","ACT",4,$349,"XL","N","A"
1937,"Jackson Huang","M","ACT",2,$530,"S","N","D"
1938,"Tracey Paxton","F","QLD",2,$0,"L","Y","A"
1939,"Mark Thomas","M","SA",4,$354,"L","N","A"
1940,"Robert Stansfield","M","NT",1,$611,"M","N","C"
1941,"Michael McGuiness","M","WA",4,$0,"S","N","D"
1942,"Melissa Free","F","SA",2,$233,"S","Y","B"
1943,"Liping Su","F","QLD",1,$168,"XL","N","B"
1944,"Amelia Seymon","F","TAS",3,$78,"S","N","A"
1945,"Jane Sacrey","F","NT",3,$129,"S","Y","D"
1946,"Jill Coates","F","NT",4,$424,"M","Y","D"
1947,"Tracey Howley","F","TAS",1,$107,"S","Y","A"
1948,"Helen Patten","F","NT",2,$133,"M","Y","C"
1949,"Mia Jackson","F","QLD",3,$245,"M","Y","B"
1950,"Laura Renke","F","VIC",5,$290,"XL","Y","A"
1951,"Wei Deng","F","SA",5,$0,"XXL","N","D"
1952,"William Piccininni","M","QLD",2,$38,"S","N","B"
1953,"Michael Fealy","M","WA",3,$244,"L","N","C"
1954,"Savithri Herath","F","NT",4,$0,"L","N","A"
1955,"Michelle Dippelsman","F","VIC",2,$218,"S","Y","B"
1956,"Andrea Marshall","F","NSW",3,$513,"XXL","Y","A"
1957,"Mel Haley","F","WA",5,$0,"M","Y","D"
1958,"Jennifer Chen","F","ACT",1,$223,"M","Y","D"
1959,"Kirsty Coleman","F","VIC",3,$232,"M","Y","A"
1960,"Riley Free","M","VIC",3,$397,"M","N","D"
1961,"Matthew Harty","M","NSW",5,$0,"XXL","Y","D"
1962,"Adnane Khairy","M","NT",5,$94,"M","Y","B"
1963,"Maria Tait","F","QLD",2,$230,"XS","N","C"
1964,"Alicia Myers","F","VIC",5,$538,"XS","N","A"
1965,"Renee Jeffery","F","VIC",4,$0,"L","N","C"
1966,"Anthony Bentivegna","M","VIC",3,$211,"L","N","B"
1967,"Mary Conway","F","TAS",2,$549,"L","N","D"
1968,"Jennifer Grandpre","F","TAS",4,$432,"M","Y","B"
1969,"Thomas Johnston","M","WA",1,$0,"S","Y","D"
1970,"Nigel Crawford","M","WA",1,$578,"M","N","A"
1971,"Kaitlyn Rouillier","F","NT",1,$113,"XL","N","C"
1972,"Jaime Rodriguez","F","SA",2,$330,"XL","Y","D"
1973,"Carol Cipollini","F","VIC",5,$388,"XL","Y","C"
1974,"Lisa Gardner","F","ACT",4,$41,"L","Y","A"
1975,"Kathy Taylor","F","SA",5,$14,"S","N","C"
1976,"Magnus Tan","M","NSW",3,$267,"S","N","B"
1977,"Selena Tan","F","QLD",3,$603,"M","Y","A"
1978,"Jo Kay","F","VIC",3,$324,"S","N","A"
1979,"Alan Simpson","M","SA",1,$535,"L","Y","D"
1980,"Meredith Davey","F","VIC",1,$145,"XL","Y","C"
1981,"Mikayla Rosales","F","NT",1,$111,"M","N","D"
1982,"Steve Balfour","M","WA",2,$97,"XS","N","B"
1983,"Mike Ryan","M","SA",5,$196,"XXL","Y","C"
1984,"Rachel Long","F","ACT",3,$132,"L","Y","D"
1985,"Taylor Mason","F","ACT",1,$137,"XXL","Y","A"
1986,"Matthew Paxton","M","SA",5,$353,"M","Y","D"
1987,"Zhengbin yan","M","TAS",3,$349,"XL","N","D"
1988,"Susan Moore","F","TAS",3,$409,"M","N","C"
1989,"William Busam","M","VIC",3,$508,"L","Y","A"
1990,"Jasper Wu","M","TAS",5,$125,"S","N","D"
1991,"Erik Kleczkowski","M","VIC",3,$241,"L","N","C"
1992,"Maria Stoupakis","F","ACT",5,$286,"XS","Y","A"
1993,"Dave Tozer","M","NSW",1,$248,"M","N","A"
1994,"Indy Maile","M","ACT",3,$219,"XL","Y","B"
1995,"Michael Oshea","M","NT",1,$113,"M","Y","B"
1996,"Julia Holland","F","VIC",1,$500,"XL","Y","A"
1997,"Melanie Piccininni","F","VIC",4,$148,"XXL","N","A"
1998,"Sandie McQueen","F","QLD",3,$443,"XXL","N","D"
1999,"Jacob yan","M","QLD",2,$200,"L","Y","D"
2000,"Liz Patterson","F","QLD",2,$222,"M","Y","A"
2001,"Shane Johnston","M","NSW",1,$23,"L","Y","D"
2002,"Lorraine Shaw","F","VIC",3,$15,"S","Y","C"
2003,"Craig Goldsworthy","M","NSW",4,$0,"XL","Y","C"
2004,"Sandy Lau","F","TAS",4,$363,"M","N","C"
2005,"Bianca Madden","F","NT",2,$0,"M","N","B"
2006,"Nicole Yu","F","NSW",5,$379,"S","N","B"
2007,"Maria Palafox","F","QLD",4,$368,"M","Y","B"
2008,"Matthew Holmes","M","TAS",4,$41,"L","N","B"
2009,"Makalya Murphy","F","NSW",5,$535,"L","N","D"
2010,"Paul Maggs","M","SA",3,$0,"XS","Y","A"
2011,"Lisa Lubarsky","F","WA",4,$295,"XL","Y","B"
2012,"Kelly Markich","F","QLD",1,$158,"S","Y","B"
2013,"Helen Sims","F","VIC",2,$0,"XL","Y","B"
2014,"Charlie Marchese","M","VIC",3,$0,"L","Y","C"
2015,"Kaelan Sharpe","M","VIC",5,$174,"M","Y","C"
2016,"Ian Thompson","M","WA",2,$88,"XL","N","D"
2017,"Bonni Moss","F","NT",5,$404,"S","Y","C"
2018,"Luke Bendeich","M","WA",4,$490,"XL","N","B"
2019,"Irene Chan","F","NSW",1,$0,"S","Y","A"
2020,"Sue Jezzard","F","VIC",1,$284,"S","N","B"
2021,"Luka Warlters","M","NSW",2,$455,"XS","N","C"
2022,"Mark Hodder","M","NSW",4,$0,"S","N","A"
2023,"Kevin Duffy","M","SA",3,$599,"S","Y","A"
2024,"Arin Yoo","F","SA",3,$232,"XL","Y","C"
2025,"Jocelyn Liu","F","QLD",2,$174,"S","N","D"
2026,"Trevor Adams","M","NSW",3,$258,"S","N","A"
2027,"Jazmine Alvarez","F","ACT",3,$0,"XL","N","B"
2028,"Robin Wilkicki","F","VIC",5,$110,"XL","Y","B"
2029,"Nicholas Kishcheno","M","QLD",5,$327,"S","N","B"
2030,"Julie Carson","F","WA",3,$0,"XS","N","D"
2031,"Sabrina Sciabica","F","NT",3,$196,"M","N","D"
2032,"Colleen Charlton","F","TAS",1,$501,"XXL","Y","C"
2033,"Robert Dickison","M","QLD",3,$350,"M","Y","A"
2034,"Aidan Greg","M","NSW",1,$192,"L","N","D"
2035,"Mags Griffiths","F","VIC",2,$372,"XL","N","A"
2036,"Lorette Bagnara","F","NT",3,$203,"XL","Y","D"
2037,"Cheryl Rider","F","VIC",4,$558,"XL","N","A"
2038,"Nate Blake","M","NSW",2,$0,"XXL","N","B"
2039,"Richard Badamo","M","ACT",2,$443,"L","Y","C"
2040,"Christopher Bridge","M","NT",1,$453,"XL","N","B"
2041,"Tracey Simcock","F","VIC",4,$0,"S","Y","C"
2042,"Corrie Davel","M","TAS",4,$288,"XS","N","A"
2043,"Ella Rosales","F","NSW",1,$116,"L","Y","B"
2044,"Katherine Miller","F","TAS",1,$191,"XL","Y","D"
2045,"Gill Rushworth","F","NSW",5,$0,"L","N","B"
2046,"Sangphil Oh","M","NSW",3,$35,"XXL","N","B"
2047,"Anika Gjeshbitraj","F","ACT",1,$301,"XS","Y","D"
2048,"Noah Chu","M","ACT",4,$0,"XS","Y","B"
2049,"Brian Schneider","M","ACT",4,$559,"S","N","A"
2050,"Luis Davila","M","ACT",4,$198,"L","N","D"
2051,"Mal Duffy","M","TAS",4,$552,"XL","Y","A"
2052,"Paul Bailey","M","VIC",2,$260,"S","N","B"
2053,"Lauren Telford","F","QLD",4,$363,"L","Y","D"
2054,"Di Hazel","F","ACT",1,$0,"M","N","B"
2055,"Tanya Greene","F","NSW",3,$178,"XL","N","C"
2056,"Samantha Duffy","F","WA",1,$39,"L","Y","A"
2057,"Karen Coppock","F","SA",4,$521,"L","N","A"
2058,"Shuo Liang","F","NSW",2,$466,"L","Y","B"
2059,"John Sorocco","M","QLD",2,$49,"S","Y","C"
2060,"Nathan Bendeich","M","NT",1,$228,"S","N","B"
2061,"Rosemary Donley","F","QLD",1,$0,"S","N","D"
2062,"Dana Adan","F","QLD",3,$333,"XL","N","C"
2063,"Dave Virgo","M","WA",3,$258,"S","N","A"
2064,"Brian Gillen","M","NSW",3,$134,"XS","Y","D"
2065,"Paul Medordi","M","TAS",1,$0,"XL","N","C"
2066,"Edward Servider","M","NT",4,$0,"M","N","C"
2067,"Kylie Newey","F","VIC",3,$317,"L","Y","B"
2068,"Bradley Cusens","M","TAS",3,$0,"L","N","D"
2069,"Karen Manciocchi","F","WA",2,$558,"S","Y","C"
2070,"Elmo Adan","M","ACT",2,$354,"S","N","D"
2071,"Stephanie Atkinson","F","TAS",3,$0,"XL","Y","D"
2072,"Ian Patterson","M","NT",3,$514,"XXL","Y","C"
2073,"Jamie Fry","M","QLD",5,$240,"L","N","B"
2074,"Imogen Bertsch","F","VIC",3,$70,"S","N","B"
2075,"Marian Fraser","F","ACT",5,$128,"L","N","D"
2076,"Monique Ballard","F","NSW",2,$0,"S","Y","A"
2077,"Tracey Johnson","F","VIC",5,$78,"M","N","B"
2078,"John Longhurst","M","VIC",5,$445,"L","N","A"
2079,"Chris Corby","M","NT",5,$398,"XL","Y","A"
2080,"Rick Pedley-Smith","M","NSW",3,$509,"XL","N","B"
2081,"Phillip Evans","M","NSW",4,$52,"L","Y","C"
2082,"Jade Morris","F","ACT",1,$471,"XL","N","A"
2083,"Michael Cintorrino","M","TAS",4,$0,"L","Y","A"
2084,"Paul Free","M","ACT",1,$20,"M","N","C"
2085,"Chad Vincent","M","TAS",1,$560,"M","Y","A"
2086,"Adeline Viniko","F","NT",3,$41,"L","N","B"
2087,"Noel Phelan","M","VIC",2,$236,"L","N","B"
2088,"Ed Nogol","M","QLD",2,$39,"S","N","D"
2089,"Shelley Cater-Shipway","F","NT",5,$168,"XXL","N","A"
2090,"Greg Casale","M","SA",5,$0,"L","Y","C"
2091,"Laura Guy","F","NT",2,$288,"XXL","N","D"
2092,"Bridget Judd","F","NSW",3,$370,"M","N","D"
2093,"Joanne Hargreaves","F","VIC",4,$0,"L","N","D"
2094,"Ian Morton","M","NT",1,$233,"L","N","A"
2095,"Lily Chiu","F","NT",2,$0,"L","N","D"
2096,"Evie Griffiths","F","WA",4,$0,"L","Y","C"
2097,"Kora Slyvia","F","TAS",2,$47,"L","Y","B"
2098,"Sean Biscocho","M","ACT",4,$477,"S","N","A"
2099,"Carol Heaton","F","WA",5,$19,"XL","Y","C"
2100,"Sue Gautrey","F","NT",4,$0,"S","Y","A"
2101,"Vinny Angelico","M","ACT",3,$21,"XL","Y","A"
2102,"Julie Tyrer","F","SA",4,$220,"S","Y","A"
2103,"Xue Li Da","M","NSW",3,$577,"XS","Y","C"
2104,"Sharon Keepe","F","QLD",3,$0,"XL","Y","C"
2105,"ALison Lucas","F","SA",3,$262,"L","Y","C"
2106,"Justin Talvy","M","NSW",2,$223,"XS","N","C"
2107,"Sarah Nye","F","WA",2,$523,"S","N","C"
2108,"Jo Price","F","QLD",1,$0,"L","Y","C"
2109,"Bede Mudge","M","VIC",1,$326,"XS","Y","C"
2110,"Hayley Nankivell","F","TAS",5,$20,"M","Y","A"
2111,"Eva Calixto","F","NT",4,$69,"L","Y","A"
2112,"Mekaeel Khan","M","TAS",1,$166,"S","N","A"
2113,"Karen Elleray","F","ACT",1,$127,"S","Y","B"
2114,"Lorraine Worden","F","VIC",3,$388,"M","Y","B"
2115,"Lesley Nixon","F","QLD",2,$0,"M","N","C"
2116,"Nicole Romano","F","QLD",3,$443,"XS","N","D"
2117,"Jessica Mastrandrea","F","ACT",2,$0,"XS","N","D"
2118,"Angela Finocchiaro","F","ACT",3,$0,"XL","Y","D"
2119,"Charles Burns","M","VIC",4,$72,"XXL","N","C"
2120,"Sally Parkinson","F","WA",1,$0,"M","N","C"
2121,"Beth Pedley-Smith","F","VIC",4,$319,"S","Y","A"
2122,"Jason Steiner","M","ACT",4,$203,"XL","Y","C"
2123,"Michelle Mcculloch","F","SA",3,$276,"XXL","Y","A"
2124,"Craig Collard","M","VIC",1,$532,"XS","Y","C"
2125,"Emma Cowan","F","NSW",1,$350,"S","N","A"
2126,"Sonya Spencer","F","VIC",5,$24,"XL","N","D"
2127,"David Parkinson","M","QLD",5,$334,"S","N","D"
2128,"Xiaosu Zhang","F","SA",5,$278,"XXL","Y","C"
2129,"Vincent Como","M","SA",1,$584,"L","Y","A"
2130,"Michael Brannick","M","NSW",5,$509,"M","N","A"
2131,"Sam Rakhmanov","M","VIC",4,$412,"M","Y","A"
2132,"Paul Marshall","M","NT",4,$0,"XXL","N","D"
2133,"Chao Zhang","M","ACT",3,$0,"S","Y","B"
2134,"Paul Jones","M","NSW",1,$120,"S","N","B"
2135,"James Amrani","M","ACT",1,$131,"XL","Y","C"
2136,"Claire Murray","F","VIC",5,$593,"S","Y","D"
2137,"Wendy Rounds","F","NT",4,$0,"XS","N","B"
2138,"Brandon Conceicao","M","ACT",3,$0,"M","N","D"
2139,"Carlee Erceg","F","NT",2,$560,"M","Y","D"
2140,"Brooke Lavelle","F","TAS",3,$0,"L","Y","B"
2141,"Michelle Reardon","F","SA",5,$80,"L","Y","B"
2142,"Natalie Oconnor","F","TAS",1,$413,"L","N","A"
2143,"Sarah Laurence","F","SA",2,$596,"L","Y","D"
2144,"Pamela Quinn","F","NT",2,$15,"M","N","A"
2145,"Sarah Green","F","NSW",3,$58,"L","Y","B"
2146,"Perdo Medina","M","TAS",2,$202,"M","Y","A"
2147,"Jessica Sharpe","F","VIC",4,$92,"L","Y","C"
2148,"Vivienne Yoon","F","QLD",1,$134,"XL","N","B"
2149,"Emma Mahoney","F","NSW",2,$0,"XS","N","B"
2150,"Jenna Sagaria","F","QLD",5,$0,"XXL","N","D"
2151,"Samantha Edwards","F","VIC",4,$507,"XL","N","A"
2152,"Izabela Jablonska","F","QLD",3,$182,"M","Y","A"
2153,"Joshua Braam","M","QLD",1,$0,"XL","N","C"
2154,"Jilly Stansfield","F","NSW",1,$307,"XXL","N","D"
2155,"Benny Parrelli","M","SA",1,$482,"XS","N","C"
2156,"Louise Wildman","F","QLD",3,$496,"S","Y","A"
2157,"Omar Ibrahim","M","SA",3,$222,"S","Y","B"
2158,"Todd Carrell","M","NSW",1,$437,"S","N","D"
2159,"Nick Pellegrino","M","QLD",3,$286,"XL","N","B"
2160,"Kerri Hawkins","F","NT",4,$426,"XL","Y","C"
2161,"Vitaliana Crawford","F","QLD",4,$497,"S","Y","A"
2162,"Chastity Cheung","F","WA",4,$0,"XXL","Y","C"
2163,"Steven Wright","M","VIC",2,$596,"S","N","A"
2164,"Nick Barbero","M","VIC",3,$0,"XL","Y","A"
2165,"Kristian Stone","M","NT",1,$574,"S","Y","A"
2166,"Paula Halliwell","F","SA",3,$116,"S","Y","A"
2167,"Sheila Wojtasik","F","NT",4,$94,"XXL","N","B"
2168,"Michael Ciuffo","M","QLD",3,$202,"XL","Y","A"
2169,"Sienna Longhurst","F","ACT",1,$495,"XL","Y","B"
2170,"Brooke Manning","F","WA",5,$247,"L","Y","A"
2171,"Carmine Gragnaniello","M","NSW",5,$73,"M","N","A"
2172,"Sara Dubois","F","NT",4,$591,"S","Y","B"
2173,"Nicholas Runfola","M","NSW",1,$120,"XS","Y","C"
2174,"Girish Verma","M","QLD",3,$0,"M","N","C"
2175,"Marianne Huxley","F","SA",1,$410,"S","Y","B"
2176,"Louise Duckworth","F","NT",5,$317,"M","N","C"
2177,"Melissa Boucher","F","VIC",5,$526,"XL","Y","D"
2178,"Amy Crompton","F","NSW",5,$119,"M","Y","D"
2179,"Chloe van Wyk","F","ACT",2,$129,"S","Y","D"
2180,"Jane Greaves","F","SA",4,$0,"S","Y","D"
2181,"Jodi Poulsen","F","VIC",4,$437,"S","N","D"
2182,"Will Bonnici","M","WA",5,$535,"XL","N","B"
2183,"Greg Messana","M","ACT",3,$202,"M","Y","D"
2184,"Macy Myers","F","SA",2,$0,"M","N","A"
2185,"Frank Sarcona","M","SA",3,$301,"S","N","D"
2186,"Jeffrey Chetirko","M","SA",4,$0,"M","Y","B"
2187,"Sue Sharples","F","WA",4,$430,"XXL","Y","A"
2188,"Chrisden Russ","M","VIC",2,$395,"XXL","Y","A"
2189,"Adam Grashuis","M","VIC",2,$0,"XL","N","D"
2190,"Eric Sandell","M","WA",1,$150,"M","N","A"
2191,"Todd Winton","M","WA",2,$0,"M","Y","A"
2192,"Carole Binks","F","NSW",2,$546,"S","N","C"
2193,"Alexander Melnick","M","QLD",3,$439,"XS","Y","B"
2194,"Luke HATHERLEY","M","SA",1,$530,"S","N","A"
2195,"Debbie Maile","F","NSW",1,$106,"XL","N","D"
2196,"Tristan Symes","M","ACT",4,$610,"M","Y","D"
2197,"Maelee Tsang","F","TAS",4,$0,"M","N","C"
2198,"Brian Sucich","M","NT",3,$100,"S","N","D"
2199,"Rob Wallace","M","NT",5,$485,"XL","Y","B"
2200,"Joesie McCarthy","F","VIC",2,$243,"S","N","D"
2201,"Alea van der Merwe","F","ACT",5,$359,"L","N","D"
2202,"Payton Latendresse","M","WA",2,$422,"S","N","C"
2203,"Lara Logan","F","NT",1,$0,"S","N","B"
2204,"Denise Morris","F","NT",2,$456,"XS","N","C"
2205,"Derek Heywood","M","QLD",1,$543,"L","N","B"
2206,"Joseph Squillacion","M","SA",1,$145,"XL","N","A"
2207,"Ana Sasman","F","WA",1,$0,"L","N","D"
2208,"Clare Sinclair","F","TAS",1,$0,"XL","N","C"
2209,"Emily Cotugno","F","QLD",4,$294,"XS","Y","D"
2210,"Coral Shaw","F","WA",1,$0,"S","N","B"
2211,"Craig Lucas","M","NSW",1,$0,"XS","N","D"
2212,"Kaitlyn Elliott","F","WA",1,$389,"XL","Y","C"
2213,"Annie Hodgskinson","F","NT",1,$159,"XL","Y","B"
2214,"Russell Clifford","M","ACT",4,$0,"M","Y","D"
2215,"Jeffrey Stamborski","M","NT",2,$209,"L","N","D"
2216,"Vincent Nappi","M","ACT",4,$0,"M","N","B"
2217,"Kaye Bellamy","F","SA",5,$549,"S","Y","A"
2218,"Cassie Boyle","F","VIC",3,$459,"XL","Y","D"
2219,"Nick Dibella","M","NSW",5,$579,"XXL","Y","C"
2220,"Oscar Henwood","M","SA",5,$0,"M","Y","D"
2221,"Grace Moroney","F","WA",5,$0,"XS","N","B"
2222,"Rui Zhao","M","TAS",2,$602,"XL","Y","C"
2223,"Andrew Farrimond","M","NT",2,$380,"M","N","A"
2224,"Stefano Gambino","M","SA",5,$495,"XXL","Y","B"
2225,"Jean Wang","F","QLD",4,$532,"L","N","A"
2226,"Daniil Tatsenko","M","NT",5,$182,"S","Y","B"
2227,"Alan Revie","M","VIC",5,$556,"XL","N","D"
2228,"Melissa Houghton","F","WA",1,$352,"XL","Y","B"
2229,"Michelle Green","F","NT",4,$526,"S","N","C"
2230,"Jose Davila","M","VIC",2,$0,"M","Y","A"
2231,"Vivienne Buttigieg","F","ACT",2,$325,"S","Y","A"
2232,"Matt Glover","M","SA",1,$30,"XL","Y","B"
2233,"Matt Humeniuk","M","WA",2,$292,"XS","Y","A"
2234,"Jose Dasouza","M","NT",3,$197,"L","N","C"
2235,"Julianna Dileo","F","TAS",3,$475,"M","N","C"
2236,"Emmanuelle Lavelle","F","SA",2,$561,"XXL","N","A"
2237,"Wignall Paul","M","VIC",5,$463,"M","Y","C"
2238,"Luca Aureli","M","SA",3,$173,"M","N","B"
2239,"Charlotte Clapham","F","ACT",1,$430,"XXL","N","A"
2240,"Melinda Aslin","F","WA",2,$0,"S","N","B"
2241,"Richard Runfola","M","VIC",4,$0,"XL","N","D"
2242,"Nicholas Trapp","M","WA",1,$144,"L","Y","B"
2243,"Caitlyn Halloran","F","SA",1,$332,"S","N","C"
2244,"Vincent Contini","M","TAS",5,$0,"S","Y","C"
2245,"Lori Robtoy","F","SA",2,$198,"S","N","D"
2246,"Donald Bischoff","M","SA",4,$488,"XL","Y","B"
2247,"Helen Jackson","F","TAS",1,$184,"M","Y","C"
2248,"Rebecca Moogan","F","NSW",3,$0,"M","N","A"
2249,"Thomas Petch","I","SA",2,$469,"S","Y","B"
2250,"Thomas King","M","TAS",3,$101,"S","Y","C"
2251,"Gabbie Orlando","F","NT",5,$226,"XL","N","A"
2252,"Liselle Morris","F","VIC",3,$151,"XXL","Y","A"
2253,"Emma Tipper","F","WA",5,$79,"M","Y","C"
2254,"Sami Porter","F","SA",5,$0,"XS","Y","B"
2255,"Charlotte Rayner","F","SA",4,$0,"XL","N","A"
2256,"Jeff Comerford","M","QLD",5,$93,"XS","Y","B"
2257,"Caleb Commerford","M","TAS",3,$608,"M","N","B"
2258,"Gregory Jenkins","M","QLD",4,$0,"S","Y","C"
2259,"Ann Woo","F","NSW",4,$276,"XXL","Y","D"
2260,"Magda Mackiewicz","F","VIC",1,$219,"S","Y","A"
2261,"Susan Heath","F","TAS",1,$382,"S","Y","D"
2262,"Krystal Mcmillan","F","NT",5,$374,"XXL","N","A"
2263,"Naveah Norman","F","SA",4,$131,"L","N","B"
2264,"Louise Bentley","F","ACT",5,$0,"L","N","C"
2265,"Meta Mattin","F","VIC",5,$449,"L","Y","B"
2266,"Dj Morrelli","M","VIC",1,$535,"XXL","Y","A"
2267,"David Grundy","M","NT",5,$611,"XXL","Y","D"
2268,"Idris Burkhardt","M","NT",1,$584,"M","Y","A"
2269,"Sue Pollitt","F","NSW",5,$481,"XS","Y","C"
2270,"Georgia Elliott","F","ACT",4,$540,"M","N","A"
2271,"Lalo Brito","M","VIC",1,$152,"M","Y","C"
2272,"Emma Wood","F","NT",5,$431,"S","N","D"
2273,"Jonny Wignall","M","SA",5,$53,"XL","Y","D"
2274,"Nicolette Lamb","F","QLD",1,$382,"L","Y","D"
2275,"Joseph Lenehan","M","TAS",1,$548,"S","Y","D"
2276,"James Huang","M","SA",5,$536,"XL","N","B"
2277,"Cooper McCarthy","M","WA",1,$252,"XS","Y","D"
2278,"Ivica Majetic","M","WA",5,$272,"L","Y","A"
2279,"Patrick Liu","M","TAS",1,$607,"L","N","D"
2280,"Cheryl Gill","F","NSW",2,$251,"S","N","C"
2281,"Jenny McKee","F","ACT",2,$207,"XXL","Y","A"
2282,"Evan Boulton","M","VIC",1,$85,"XL","N","D"
2283,"Derek Lucido","M","QLD",5,$50,"XS","N","B"
2284,"Xin Tan","M","VIC",2,$311,"L","N","B"
2285,"Jacqueline Morley","F","QLD",5,$450,"M","N","B"
2286,"Jackie Brunton","F","TAS",3,$560,"XL","Y","B"
2287,"Kenneth Lau","M","ACT",1,$223,"S","Y","D"
2288,"Sid Hallett","M","NT",2,$473,"S","Y","C"
2289,"Amanda Simpson","F","TAS",2,$366,"S","N","D"
2290,"Vicki Le Plastrier","F","NT",4,$412,"M","N","B"
2291,"Wendy Lee","F","QLD",1,$0,"S","Y","B"
2292,"Jack Oehm","M","NSW",2,$0,"XL","N","D"
2293,"Peter OBrien","M","NSW",2,$31,"L","Y","C"
2294,"Joanne Turnock","F","NSW",1,$368,"XL","Y","A"
2295,"John Gillen","M","ACT",5,$0,"XXL","N","C"
2296,"Georgia Daly","F","QLD",4,$0,"S","N","A"
2297,"Archer Boulton","M","WA",3,$0,"XS","N","B"
2298,"Adnan Chockrane","M","ACT",4,$267,"L","Y","B"
2299,"Sarah Prescott","F","QLD",1,$409,"XL","N","C"
2300,"Susan Beardsworth","F","NT",3,$29,"XXL","Y","D"
2301,"Chris Dimonda","M","TAS",4,$0,"M","Y","A"
2302,"David Pitman","M","ACT",2,$0,"XL","Y","D"
2303,"Aaron Maile","M","NT",5,$255,"L","Y","D"
2304,"Adal Lavto","M","TAS",2,$280,"S","Y","B"
2305,"Kylie Swinnerton","F","ACT",1,$110,"S","Y","C"
2306,"Ally Park","F","WA",1,$517,"XXL","Y","B"
2307,"Louise Keith","F","QLD",3,$178,"M","Y","A"
2308,"Michael Calafiore","M","WA",5,$279,"M","Y","D"
2309,"Joe Rogers","M","NSW",1,$599,"XL","Y","B"
2310,"Patrick Sucich","M","VIC",2,$574,"XS","N","C"
2311,"Kelly Winkleman","F","VIC",5,$98,"XS","Y","C"
2312,"Sabryna Sas","F","WA",1,$252,"XXL","N","D"
2313,"Alison Porter","F","QLD",2,$193,"XS","Y","D"
2314,"Sarah Foster","F","SA",2,$520,"M","N","C"
2315,"Senela Selita","F","TAS",5,$0,"XL","N","C"
2316,"Jhett Mitchell","M","SA",2,$0,"XL","Y","D"
2317,"Tavis Hebler","M","ACT",5,$211,"XS","N","D"
2318,"Erin Bellamy","F","WA",3,$571,"XXL","N","C"
2319,"Clare Welch","F","WA",5,$347,"XXL","Y","A"
2320,"Sue Cornwell","F","SA",1,$567,"S","Y","C"
2321,"Alexis Pishnyuk","F","NT",4,$314,"XL","Y","B"
2322,"Laura King","F","WA",1,$399,"S","N","D"
2323,"James Deng","M","QLD",2,$23,"XS","Y","C"
2324,"Krystal Emme","F","NSW",2,$185,"M","N","C"
2325,"Eugene Rouillier","M","SA",2,$29,"L","N","C"
2326,"Claire Harrison","F","ACT",1,$80,"S","N","B"
2327,"Ethan Adan","M","ACT",5,$0,"S","N","A"
2328,"Mary Collaso","F","VIC",2,$368,"XXL","Y","B"
2329,"Brett Goodlet","M","SA",2,$0,"L","N","B"
2330,"Trent Swinnerton","M","NT",1,$0,"M","N","C"
2331,"Adam Salter","M","QLD",5,$0,"XS","Y","B"
2332,"Amanda Biddell","F","ACT",2,$208,"XS","Y","A"
2333,"Nicholas Greene","M","VIC",3,$0,"L","N","A"
2334,"Mark Slattery","M","SA",3,$283,"XXL","Y","D"
2335,"Andy Wheeler","M","ACT",4,$547,"XXL","Y","B"
2336,"Geoffrey Wildman","M","SA",3,$330,"S","N","A"
2337,"Stephanie zhao","F","WA",4,$298,"XXL","N","D"
2338,"Thomas Dippelsman","M","TAS",3,$512,"XL","N","C"
2339,"Jacqueline Courtney","F","SA",3,$57,"XS","N","D"
2340,"Olivia Buss","F","WA",4,$123,"XL","N","C"
2341,"Andrew Gavin","M","NT",2,$98,"M","Y","D"
2342,"Frank Colella","M","SA",3,$0,"S","N","B"
2343,"Janine Kent","F","WA",1,$0,"M","Y","A"
2344,"Tracey Heath","F","VIC",1,$0,"XXL","N","A"
2345,"Karin Gouws","F","NSW",1,$482,"S","Y","D"
2346,"Keira Lamb","F","SA",4,$167,"XXL","Y","A"
2347,"Shane Phillips","M","NT",4,$413,"XL","N","B"
2348,"Dianne Murray","F","VIC",3,$168,"M","N","D"
2349,"Robert Russo","M","NSW",2,$87,"S","Y","C"
2350,"Stuart Smith","M","SA",4,$57,"XL","N","A"
2351,"Nigel Bradley","M","SA",5,$486,"L","Y","D"
2352,"Shannon Nolan","M","TAS",5,$260,"XXL","N","C"
2353,"Eric Trieu","M","WA",4,$100,"S","Y","A"
2354,"Hannah Clayton","F","ACT",3,$94,"M","N","C"
2355,"Max Harris","M","NT",2,$575,"M","Y","D"
2356,"M Defazio","M","WA",3,$335,"XS","N","C"
2357,"Christopher Cohen","M","ACT",4,$374,"L","N","B"
2358,"Robin Maile","M","NSW",4,$456,"XS","N","A"
2359,"Jared Lankow","M","ACT",5,$577,"XXL","N","C"
2360,"Svetlana Orlov","F","NT",2,$86,"XXL","N","A"
2361,"Hazel Cook","F","ACT",5,$481,"XL","Y","B"
2362,"Steve Balfour","M","SA",1,$397,"XL","N","D"
2363,"Ekaterina Myshinskaya","F","VIC",3,$0,"S","N","B"
2364,"Jan van der Merwe","M","QLD",3,$149,"S","Y","D"
2365,"Matthew Beaman","M","NT",2,$87,"XXL","Y","A"
2366,"Michael Totino","M","SA",3,$432,"XL","Y","D"
2367,"Ryan Mcknight","M","NSW",4,$60,"L","N","A"
2368,"Andrew Wiseman","M","QLD",1,$506,"L","Y","B"
2369,"Simon Hayes","M","VIC",2,$57,"M","N","C"
2370,"Adam Braverman","M","NT",3,$0,"L","Y","D"
2371,"Beau Cusden","M","VIC",5,$95,"S","N","B"
2372,"Laura Healy","F","SA",2,$0,"L","Y","C"
2373,"Melissa Taafe","F","WA",3,$198,"S","Y","C"
2374,"Anzari Atik","F","WA",1,$352,"M","N","D"
2375,"Janice Stephens","I","NSW",3,$77,"L","N","B"
2376,"Sam Friede","M","ACT",3,$11,"M","N","C"
2377,"Ruisi Cai","M","NSW",3,$0,"XL","N","A"
2378,"Andrew Mobbs","M","WA",1,$0,"L","Y","C"
2379,"Blake Mazzitelli","M","TAS",1,$454,"XXL","Y","C"
2380,"Felix Kraus","M","NSW",2,$285,"M","Y","A"
2381,"Sebastian Broendum","M","QLD",2,$574,"XS","N","A"
2382,"Brendan Wilding","M","WA",3,$0,"S","Y","A"
2383,"Juan Pablo Lillo","M","NSW",3,$345,"XXL","N","C"
2384,"Samuel Wright","M","NSW",4,$28,"XXL","N","C"
2385,"Eric Mandela","M","QLD",1,$513,"XS","Y","D"
2386,"Rohan Parag","M","ACT",4,$322,"L","Y","D"
2387,"Luke Sullivan","M","NSW",2,$145,"L","Y","A"
2388,"Jack Mcgorlick","M","NT",3,$254,"XL","Y","B"
2389,"Ed Russell","M","NT",5,$282,"L","N","A"
2390,"James Mackechnie","M","NSW",5,$108,"S","N","D"
2391,"Adam Farr","M","SA",1,$96,"L","Y","A"
2392,"Joey Man","F","ACT",3,$0,"XL","Y","D"
2393,"Jordy Jeffrey","M","VIC",2,$93,"XL","N","A"
2394,"Jack Martin","M","TAS",4,$0,"S","Y","C"
2395,"Oscar Jaeger","M","ACT",1,$376,"XXL","Y","A"
2396,"Cheyne O'Brien-Brown","M","TAS",5,$0,"S","Y","B"
2397,"John Warburton","M","VIC",2,$0,"XL","Y","B"
2398,"Amy Anderson","F","WA",3,$0,"XS","N","C"
2399,"Alvin Yik","M","SA",4,$435,"M","Y","D"
2400,"Joel Micallef","M","WA",3,$80,"S","N","B"
2401,"Per Volund","M","WA",1,$371,"XXL","N","C"
2402,"Elizabeth Den Dulk","F","ACT",5,$269,"S","N","B"
2403,"Matthew Veldman","M","NSW",1,$237,"L","N","B"
2404,"Ben Strimling","M","NSW",2,$379,"M","N","C"
2405,"Matthew Farrugia","M","NT",2,$227,"M","N","C"
2406,"Lisa Steen","F","SA",4,$384,"M","N","D"
2407,"John Boyce","M","TAS",3,$226,"L","N","A"
2408,"Frank Rosato","M","ACT",3,$0,"XXL","Y","B"
2409,"Chelsea Brennan","F","SA",2,$29,"S","Y","A"
2410,"Joshua Keddie","M","QLD",3,$201,"M","Y","C"
2411,"Nicholas Aykut","M","SA",2,$203,"S","N","B"
2412,"Amol Khot","M","VIC",1,$593,"S","Y","D"
2413,"Peter Syme","M","VIC",1,$374,"XL","Y","A"
2414,"Natalie Hutchinson","F","NT",2,$509,"L","N","A"
2415,"Marris Dibley","M","QLD",1,$337,"L","N","B"
2416,"Dominic Couch","M","NSW",1,$89,"S","Y","C"
2417,"Kristie Gillardeau","F","QLD",1,$209,"XL","N","A"
2418,"Emma Whitfield","F","WA",3,$351,"L","N","C"
2419,"Shakira Naumann","F","VIC",3,$145,"XXL","Y","D"
2420,"Allen Roberts","M","WA",3,$105,"L","N","D"
2421,"Luke Vassallo","M","WA",2,$376,"XL","N","A"
2422,"Carlie Chilko","F","QLD",5,$0,"XS","Y","D"
2423,"Christian Cottle","M","NSW",5,$66,"XL","Y","D"
2424,"James Kazalac","M","WA",5,$0,"S","N","C"
2425,"Beau Coulter","M","SA",1,$253,"S","N","B"
2426,"Gaya Cremers","F","WA",5,$473,"XXL","N","A"
2427,"Emily Sydness","F","NT",5,$0,"M","N","C"
2428,"Waleed Latif","M","TAS",3,$322,"M","Y","B"
2429,"Daniel Frazer","M","NSW",3,$0,"L","N","A"
2430,"Truman Gerner","M","VIC",4,$229,"XL","Y","A"
2431,"Rylee Kennedy","F","ACT",1,$23,"XL","Y","D"
2432,"Rebecca Searle","F","WA",3,$591,"XL","Y","D"
2433,"John Custo","M","WA",3,$0,"XL","Y","D"
2434,"Blair Rundle","M","NT",1,$206,"XL","Y","C"
2435,"Andreas Stiehl","M","QLD",4,$0,"L","Y","A"
2436,"Rachael Shirlow","F","VIC",3,$0,"XXL","Y","C"
2437,"Jodie Arnup","F","ACT",1,$611,"S","Y","D"
2438,"Ayden Stiehl","M","NSW",4,$0,"L","N","A"
2439,"Ava Elliott","F","QLD",4,$592,"XL","Y","D"
2440,"Robert Santucci","M","NT",4,$278,"M","N","D"
2441,"Paul Hetrelezis","M","WA",5,$539,"XL","N","C"
2442,"Benjamin Marshall","M","NSW",2,$0,"M","Y","A"
2443,"Spike Johnson","M","TAS",2,$176,"M","N","D"
2444,"Dylan Clarkson","M","NT",5,$235,"L","N","D"
2445,"Alysha Shephard","F","WA",1,$0,"S","Y","B"
2446,"Jacquie Grahame","F","ACT",4,$473,"L","Y","C"
2447,"Lorinda Morley","F","ACT",2,$87,"M","Y","C"
2448,"Noah Nichols","M","QLD",2,$504,"S","N","D"
2449,"Daniel Molella","M","WA",4,$54,"M","Y","B"
2450,"Nick Sirp","M","VIC",4,$66,"M","Y","A"
2451,"James Gilchrist","I","ACT",1,$389,"XXL","N","B"
2452,"Sasha Dunstan","F","NSW",4,$461,"XL","N","B"
2453,"Mark Mcphee","M","NSW",4,$275,"XXL","Y","A"
2454,"Rod Barrett","M","NT",4,$65,"L","Y","D"
2455,"Evelyn Connolly","F","ACT",2,$0,"XL","N","C"
2456,"Nivi Rajendran","M","NSW",3,$25,"S","Y","B"
2457,"Philip Alex","M","WA",5,$385,"M","Y","A"
2458,"Adam Mcnicol","M","NT",2,$10,"M","Y","B"
2459,"Clive Domone","M","TAS",4,$494,"L","N","D"
2460,"Matthew Morton","M","NSW",3,$445,"S","N","B"
2461,"Marcus Vigilante","M","ACT",5,$370,"XL","N","C"
2462,"Daniel Raika","M","TAS",3,$187,"L","Y","B"
2463,"Kat Desmier","F","NT",3,$438,"M","N","A"
2464,"Peter Chandler","M","QLD",2,$434,"M","Y","B"
2465,"Adrian Gonzales","M","ACT",4,$0,"XXL","N","D"
2466,"John Contreras","M","VIC",4,$311,"XXL","N","A"
2467,"Julian Saheed","M","TAS",4,$564,"M","N","D"
2468,"Lisette Wall","F","WA",1,$64,"XS","N","A"
2469,"Tom Perry","M","SA",2,$609,"L","N","D"
2470,"Regan Sprague","F","VIC",4,$512,"XXL","Y","A"
2471,"Alexis Rigler","F","ACT",4,$441,"S","N","B"
2472,"Sophie Mason","F","QLD",1,$223,"M","Y","A"
2473,"Adrian Giorgianni","M","TAS",4,$440,"L","Y","A"
2474,"Alexandra Bourne","F","VIC",1,$256,"M","N","A"
2475,"Alon Takac","M","QLD",2,$0,"XS","N","B"
2476,"Jon Barlow","M","WA",5,$152,"S","Y","D"
2477,"John Hearst","M","SA",2,$0,"XL","Y","A"
2478,"Clark Summers","M","ACT",1,$0,"XL","Y","A"
2479,"Michelle Bayley","F","ACT",5,$185,"XL","Y","A"
2480,"Phil Watters","M","WA",2,$389,"XL","N","D"
2481,"Kirsty Farmer","F","SA",4,$544,"S","Y","A"
2482,"Claire Ruedin","F","NT",4,$80,"S","N","B"
2483,"Anthony Banks","M","SA",4,$159,"L","Y","C"
2484,"Sam Banks","M","SA",5,$444,"S","Y","D"
2485,"Karin Johnson","F","ACT",2,$389,"M","Y","D"
2486,"Alissa Fotiades","F","VIC",4,$572,"XL","Y","C"
2487,"Jennifer Flood","F","QLD",1,$30,"S","N","D"
2488,"Lina Okada","F","ACT",3,$353,"L","N","B"
2489,"Seong Chow","M","VIC",2,$262,"XL","Y","C"
2490,"Jason Chuc","M","NSW",4,$0,"S","N","C"
2491,"Shabnam Alishahi","F","SA",2,$510,"L","N","B"
2492,"Elise Baird","F","NSW",5,$154,"L","Y","D"
2493,"Teghan Rawson","F","VIC",3,$320,"XS","Y","A"
2494,"Ann-Marie Farr","F","WA",4,$95,"L","Y","D"
2495,"Kenan Crinis","M","VIC",4,$155,"XL","Y","C"
2496,"Isabelle Schiavone","F","SA",1,$0,"XS","N","C"
2497,"James Fish","M","NSW",1,$445,"XL","N","C"
2498,"Bianca Ukovic","F","VIC",5,$112,"S","Y","B"
2499,"Mia Bobbs","F","WA",1,$449,"XS","N","A"
2500,"Eloise Roche","F","TAS",3,$260,"XL","N","B"
2501,"Anna Gilfillan","F","QLD",3,$347,"L","Y","B"
2502,"Elise Karslake","F","QLD",1,$605,"M","N","A"
2503,"Blake Riley","M","NT",5,$0,"M","N","A"
2504,"Wayne Miller","M","VIC",1,$0,"XS","Y","C"
2505,"Julie Stephens","F","TAS",3,$135,"L","Y","A"
2506,"Branislava Godic","F","TAS",5,$486,"M","N","B"
2507,"Melissa Radcliffe","F","WA",1,$148,"XL","N","B"
2508,"Emma Harkness","F","NT",1,$352,"XXL","Y","D"
2509,"Larissa King","F","WA",4,$376,"XL","N","D"
2510,"Renee Wyhoon","F","NSW",2,$162,"M","N","D"
2511,"Deanna Grossi","F","NT",3,$47,"XL","N","A"
2512,"Zachary Wilson","M","ACT",5,$302,"XXL","Y","B"
2513,"Marie Molella","F","TAS",3,$119,"XL","N","C"
2514,"Elise Rodriguez","F","VIC",5,$0,"XL","N","A"
2515,"Keira Murugasu","F","VIC",2,$592,"M","N","B"
2516,"Fiona Carney","F","NT",4,$530,"XL","N","C"
2517,"Tatum De Silva","F","SA",5,$465,"XL","N","D"
2518,"Holly Carney","F","WA",1,$173,"M","N","D"
2519,"Andrew Totino","M","SA",4,$34,"S","N","C"
2520,"Donna Pullen","F","ACT",2,$0,"XL","Y","C"
2521,"Domonic Micallef","M","ACT",5,$334,"XXL","Y","D"
2522,"Andrea Whitty","F","TAS",5,$165,"XL","Y","C"
2523,"Rod Mitchell","M","NSW",1,$0,"L","N","C"
2524,"Megan Bowles","F","VIC",1,$241,"XL","N","C"
2525,"Natasha Cavas","F","ACT",5,$190,"S","Y","C"
2526,"Steven Collier","M","TAS",3,$462,"XS","Y","B"
2527,"Claire De Niese","F","WA",4,$0,"XL","Y","A"
2528,"Peter Wilson","M","ACT",2,$143,"XL","Y","C"
2529,"Jack Parry","M","WA",5,$120,"M","N","D"
2530,"Michael Rowe","M","TAS",5,$448,"XL","Y","D"
2531,"Michelle Mccahon","F","SA",3,$187,"XL","Y","D"
2532,"Amy Turkenburg","F","QLD",2,$105,"XL","N","D"
2533,"Evelyn Murugasu","F","WA",5,$90,"S","Y","D"
2534,"Patrick Say","M","ACT",5,$0,"XXL","Y","C"
2535,"Belle Alvarez","F","VIC",5,$46,"M","N","C"
2536,"Clayton Bennett","M","NSW",5,$477,"S","N","B"
2537,"Grace Killington","F","NT",4,$364,"XL","N","B"
2538,"Stuart Dunstan","I","NSW",1,$0,"M","N","C"
2539,"Callum Moscript","M","NT",4,$417,"M","Y","C"
2540,"Peter Abdilla","M","SA",3,$279,"M","Y","A"
2541,"Steve Glenny","M","VIC",4,$176,"XL","Y","B"
2542,"Brooke Lewis","F","SA",2,$580,"L","Y","C"
2543,"Cyril Herbunot","M","TAS",3,$0,"XXL","Y","B"
2544,"Nick Tzaferis","M","ACT",2,$405,"XL","Y","B"
2545,"Talia Dunstan","F","WA",1,$232,"XL","Y","C"
2546,"Suman Bellur","F","QLD",4,$543,"M","N","C"
2547,"Hannah Vuong","F","ACT",5,$0,"XXL","N","D"
2548,"Paul Gill","M","SA",4,$75,"S","Y","D"
2549,"Sally Reid","F","NSW",4,$144,"L","Y","B"
2550,"Steve Evans","M","NT",3,$596,"S","Y","A"
2551,"Jessica Oakey","F","ACT",3,$18,"L","Y","A"
2552,"Belinda Pool","F","NSW",5,$0,"XL","N","A"
2553,"Lucinda Richards","F","NT",5,$500,"XL","Y","A"
2554,"Cait Whelan","F","QLD",4,$350,"S","N","A"
2555,"Cara Layton","F","NT",3,$514,"M","N","D"
2556,"Stuart Armstrong","M","NT",3,$570,"XS","Y","B"
2557,"Anand Murugasu","M","TAS",5,$454,"M","N","C"
2558,"Christina Xu","F","NSW",2,$490,"L","Y","C"
2559,"Scott Laurence","M","NT",1,$302,"L","N","B"
2560,"Lydia Whiteside","F","WA",4,$205,"XL","N","D"
2561,"Jane Smith","F","NT",1,$275,"XL","N","B"
2562,"Fiona Sexton","F","ACT",2,$0,"XS","Y","B"
2563,"Xavier Ryan","M","ACT",3,$609,"M","Y","B"
2564,"Rowan Mott","M","TAS",2,$222,"S","Y","C"
2565,"Cathy Cavallo","F","SA",5,$228,"XS","Y","A"
2566,"Barbara Budjaki","F","SA",3,$537,"S","Y","B"
2567,"Danielle Ryan","F","TAS",2,$78,"M","N","B"
2568,"Natalie Wilson","F","VIC",4,$202,"S","Y","C"
2569,"Penelope Delmo","F","TAS",2,$125,"L","N","C"
2570,"Rebecca Ferrarotto","F","TAS",4,$167,"XXL","N","C"
2571,"Michael Kodama","M","NT",2,$0,"XXL","N","D"
2572,"Julian Stone","M","TAS",5,$214,"L","N","C"
2573,"Laura Nicholls","F","WA",1,$384,"L","Y","B"
2574,"Ethan Gilchrist","M","NT",2,$254,"M","Y","D"
2575,"Adelene Walsh","F","VIC",3,$396,"L","N","C"
2576,"Jenna Pezzanite","F","ACT",1,$154,"XL","N","B"
2577,"Sean Weir","M","TAS",5,$199,"L","Y","D"
2578,"Ricky Lau","M","NSW",4,$158,"S","N","D"
2579,"Lucy Knowles","F","WA",3,$44,"XXL","N","C"
2580,"Maria Jardon","F","TAS",2,$609,"S","Y","C"
2581,"Tom Wild","M","QLD",2,$553,"XL","N","C"
2582,"Gerard Bakker","M","WA",1,$520,"XS","Y","A"
2583,"Bev Mcclure","F","TAS",1,$390,"M","Y","C"
2584,"Erin Wild","F","TAS",5,$392,"XS","Y","D"
2585,"Christina Renowden","F","SA",1,$57,"XXL","Y","D"
2586,"Georgie Kerr","F","WA",2,$354,"L","N","C"
2587,"Vanessa Mclennan","F","QLD",1,$54,"M","Y","A"
2588,"Sarah Wilkinson","F","ACT",2,$546,"S","Y","B"
2589,"Dave Harrison","M","VIC",1,$592,"L","Y","C"
2590,"Rachael Lester","F","ACT",1,$562,"XL","Y","A"
2591,"Rohan Khot","M","SA",1,$478,"S","N","C"
2592,"Ella Weisser","F","TAS",1,$358,"L","Y","D"
2593,"Joey Phyland","I","NT",4,$244,"M","N","D"
2594,"Mandy Bradley","F","SA",5,$321,"XL","Y","C"
2595,"Tim Whiteside","M","WA",2,$162,"XL","N","D"
2596,"Emily Kidd","F","VIC",5,$192,"L","Y","C"
2597,"Trystan Mcwatt","M","NSW",3,$347,"M","N","D"
2598,"Georgia Cribb","F","NT",5,$296,"XL","Y","A"
2599,"Andrea Pearce","F","NSW",2,$564,"XS","Y","C"
2600,"Christina Healy","F","VIC",1,$226,"S","Y","B"
2601,"Lucy Coull","F","NSW",3,$0,"XL","N","C"
2602,"India Kent","F","TAS",1,$308,"XL","Y","D"
2603,"Lachlan Brown","M","WA",4,$16,"XS","N","B"
2604,"Scott Mcfadden","M","VIC",4,$514,"XXL","N","B"
2605,"Bridget Mcfadden","F","ACT",4,$0,"XXL","Y","B"
2606,"Eliza Ash","F","NSW",4,$609,"M","N","A"
2607,"Melinda Reid","F","WA",2,$168,"XS","N","B"
2608,"Michael Fleitas","M","NT",4,$351,"L","Y","A"
2609,"Isaac Baker","M","VIC",5,$88,"S","N","C"
2610,"Leia Lewis","F","VIC",4,$473,"XXL","N","D"
2611,"Olivia Antonello","F","VIC",5,$153,"XL","N","C"
2612,"Rebecca Flanagan","F","WA",2,$0,"S","Y","B"
2613,"Jami Parks","F","QLD",5,$223,"L","Y","B"
2614,"Jordana Hutchinson","F","NSW",4,$0,"M","Y","C"
2615,"Elizabeth Daff","F","TAS",3,$581,"S","N","A"
2616,"Ella Mccahon","F","SA",4,$337,"L","Y","B"
2617,"Son Dinh","M","ACT",3,$0,"L","N","C"
2618,"Teagan Knight","F","SA",5,$118,"L","N","C"
2619,"Katrina Nurse","F","TAS",4,$0,"M","N","A"
2620,"Cara Coombs","F","TAS",5,$328,"XXL","N","B"
2621,"Stephen Gascoigne","M","NT",3,$385,"XS","Y","A"
2622,"Jacquie Blazey","I","NSW",2,$522,"XXL","N","D"
2623,"Cameron Stone","M","VIC",2,$80,"L","Y","D"
2624,"Stacey Carlesso","F","NT",1,$182,"M","N","B"
2625,"Jessica Addamo","F","NSW",5,$124,"XL","N","C"
2626,"Louise Harfield","F","NT",5,$0,"M","Y","C"
2627,"Liz Gharghori","F","NT",4,$537,"M","N","B"
2628,"Pip Cocciolone","F","WA",3,$536,"XXL","Y","D"
2629,"Rhianna Pool","F","TAS",5,$569,"M","Y","B"
2630,"Debbie Wurtz","F","VIC",5,$187,"L","N","C"
2631,"Leanne Spiteri","F","NSW",3,$403,"L","Y","A"
2632,"Richard Glory","M","NSW",4,$341,"M","Y","B"
2633,"Molly Fleming","F","WA",5,$22,"S","Y","C"
2634,"Lisa Truong","F","VIC",4,$299,"XS","N","C"
2635,"Amy Davis","F","SA",5,$512,"L","Y","D"
2636,"Cassandra Bowley","F","TAS",3,$359,"S","Y","A"
2637,"Alison Ryan","F","NSW",2,$0,"S","Y","A"
2638,"Reinaldo San Martin","M","WA",2,$0,"XS","N","D"
2639,"Marilena Stefanovski","F","QLD",3,$63,"S","Y","C"
2640,"Nicole Peters","F","NT",4,$526,"M","N","D"
2641,"Alexandra Pisker","F","VIC",5,$465,"XXL","N","A"
2642,"Wade Arnup","M","WA",3,$0,"M","N","A"
2643,"Brody Arnup","M","WA",5,$378,"M","N","B"
2644,"Sheena Mcclenaghan","F","ACT",2,$17,"XL","N","C"
2645,"Steven Kelaher","M","ACT",3,$70,"M","Y","C"
2646,"Zoe Kneebone","F","QLD",3,$218,"M","Y","C"
2647,"Melissa Waddell","F","NSW",2,$29,"XL","Y","D"
2648,"Narelle Harding","F","SA",1,$595,"XXL","N","D"
2649,"Astrid Kelaher","F","NT",1,$0,"S","N","D"
2650,"Debra Danziger","F","SA",4,$0,"XXL","Y","B"
2651,"Lily Walters","F","VIC",1,$432,"M","Y","C"
2652,"Mia Walters","F","SA",2,$609,"S","Y","C"
2653,"Lucy Mann","F","WA",4,$609,"XL","Y","B"
2654,"Charlotte Dicker","F","VIC",2,$558,"XXL","N","C"
2655,"Brayden Hefford","M","NSW",5,$92,"S","N","C"
2656,"Isabelle Smith","F","WA",2,$222,"L","N","A"
2657,"Georgia Firth","F","QLD",1,$55,"XXL","N","A"
2658,"Jaiden Mcdougal","M","ACT",5,$317,"L","N","C"
2659,"Simon Matthews","M","QLD",4,$34,"L","N","B"
2660,"Faith Peralta","F","QLD",3,$560,"S","Y","C"
2661,"Maree Dalzotto","F","WA",4,$201,"M","Y","D"
2662,"Elizabeth Knowles","F","NSW",4,$21,"M","N","A"
2663,"Paul Roberts","M","NSW",1,$499,"M","Y","C"
2664,"Jane Mckenna","F","SA",4,$0,"S","Y","C"
2665,"Leanne O'Brien","F","QLD",1,$554,"M","N","B"
2666,"Rachel Lourie","F","SA",5,$513,"L","Y","B"
2667,"Amy Lourie","F","NT",1,$211,"L","Y","C"
2668,"Rommi Lourie","F","VIC",5,$0,"S","Y","D"
2669,"Lesley Pedmant","M","SA",1,$424,"XS","Y","C"
2670,"Miranda Jansen","F","QLD",5,$526,"M","Y","C"
2671,"Terry Lunney","M","VIC",2,$596,"M","N","D"
2672,"Adrian Insolia","M","VIC",3,$114,"M","N","D"
2673,"Kelly Hardie","F","NT",1,$525,"M","N","C"
2674,"Alicia Lyons","F","VIC",4,$18,"L","Y","D"
2675,"Jade Peters","F","ACT",5,$381,"S","N","A"
2676,"Paige Williams","F","QLD",5,$162,"M","Y","A"
2677,"Claire Stollery","F","NSW",3,$348,"XL","N","D"
2678,"Allison Wall","I","WA",2,$161,"XXL","Y","C"
2679,"Melissa Stollery","F","NT",2,$62,"XXL","Y","C"
2680,"Alicia Watters","F","QLD",3,$575,"L","N","A"
2681,"Dabrad Marshall","M","NT",4,$0,"XS","Y","B"
2682,"Michael Conlon","M","SA",3,$161,"M","Y","B"
2683,"Chloe Vincent","F","TAS",4,$542,"L","N","A"
2684,"Lee Jones","F","ACT",3,$98,"S","N","A"
2685,"Jessica Calleja","F","VIC",1,$490,"L","N","D"
2686,"Lauren Calleja","F","SA",1,$59,"XS","N","D"
2687,"Sharni Pasquill","F","NT",3,$0,"XXL","Y","A"
2688,"Bronwyn Dwyer","F","NSW",4,$87,"M","Y","C"
2689,"Brooke Dwyer","F","QLD",4,$475,"L","N","D"
2690,"Ryan Dwyer","M","SA",5,$241,"S","Y","D"
2691,"Ella Cummings","F","ACT",4,$398,"S","N","A"
2692,"Libby Ristevska","F","NT",1,$161,"XXL","Y","D"
2693,"Michaela Muscat","F","WA",2,$83,"XL","N","C"
2694,"Sarah Irwin","F","TAS",2,$149,"M","Y","A"
2695,"Paula Spierings","F","NSW",2,$339,"XXL","N","D"
2696,"Bernie Mchugh","F","SA",4,$0,"S","N","D"
2697,"Olivia Verschuur","F","NT",2,$0,"M","N","A"
2698,"Olivia Janetzki","F","SA",1,$184,"L","N","A"
2699,"Courtney Kirby","F","QLD",2,$253,"S","N","B"
2700,"Tom Clancy","M","NT",2,$542,"S","Y","C"
2701,"Amy Sheehy","F","NSW",2,$283,"XL","N","D"
2702,"Lauree Barlow","F","TAS",3,$447,"XL","N","A"
2703,"Mick Sheehy","M","QLD",3,$389,"S","Y","B"
2704,"Victoria Brown","I","NT",2,$0,"S","Y","D"
2705,"Ines Krpan","F","NT",4,$347,"S","N","B"
2706,"Isabelle Nimorakiotakis","F","SA",2,$256,"S","Y","B"
2707,"Renee Mcleod","F","WA",1,$68,"XL","Y","A"
2708,"Kelsey Mackenzie","F","NSW",3,$147,"XL","N","D"
2709,"Meg Charles","F","SA",5,$275,"L","Y","B"
2710,"Tracey Hogan","F","ACT",4,$420,"M","N","B"
2711,"Hannah Bald","F","WA",4,$0,"L","Y","B"
2712,"Tony Olywrr","M","NT",5,$106,"S","Y","A"
2713,"Virginia Maruff","F","VIC",3,$392,"M","Y","B"
2714,"Alicia Stevens","F","WA",4,$227,"S","Y","A"
2715,"Jeanette Laffan","F","QLD",5,$269,"XL","N","D"
2716,"Alison Rowllings","F","VIC",4,$169,"XL","N","D"
2717,"Kerryn Parfrey","F","WA",3,$29,"L","Y","A"
2718,"Joan Colbert","F","TAS",1,$140,"M","Y","A"
2719,"Sean Gabriel","M","NT",2,$120,"XL","Y","C"
2720,"Jacinta Wubben","F","VIC",3,$559,"L","N","D"
2721,"Renee Lane","F","ACT",2,$0,"M","N","C"
2722,"Caitlin Behrendt","F","WA",4,$87,"L","Y","C"
2723,"Josie Harfield","F","WA",1,$542,"XS","Y","A"
2724,"Bridget Cairns","F","ACT",4,$416,"L","N","A"
2725,"Emma Miller","F","TAS",3,$511,"XS","N","B"
2726,"Nicolani Susanto","F","NT",5,$0,"XL","Y","D"
2727,"Hayley Jennings","F","SA",1,$410,"M","N","C"
2728,"Natasha Gallina","F","NSW",4,$545,"S","N","A"
2729,"Diane Harari","F","SA",2,$403,"M","N","D"
2730,"Georgia Mcgeechan","F","QLD",1,$143,"L","Y","A"
2731,"Benjamin Calnan","M","QLD",2,$510,"XL","Y","D"
2732,"Lucia Tomai","F","SA",3,$225,"XL","N","D"
2733,"Emily Howlett","F","VIC",2,$511,"M","Y","D"
2734,"Ebony Morris","F","ACT",3,$0,"L","Y","D"
2735,"Marni Prince","F","VIC",5,$0,"L","Y","D"
2736,"Joshua Braver","M","SA",5,$233,"L","Y","B"
2737,"Joe Marguccio","M","ACT",3,$0,"XXL","Y","A"
2738,"Patrick Cooper","M","TAS",3,$0,"S","Y","D"
2739,"Cindy Mcknight","F","QLD",3,$272,"XL","Y","A"
2740,"Ethan Mcknight","I","TAS",5,$281,"XS","Y","C"
2741,"Jenny Ogden","F","VIC",4,$0,"XL","N","D"
2742,"Doug Field","M","TAS",5,$215,"S","Y","C"
2743,"Lynette Gilchrist","F","ACT",4,$0,"S","Y","C"
2744,"Karen Roylance","F","NT",4,$78,"M","Y","D"
2745,"Michelle Pinto","F","NSW",1,$48,"XS","N","D"
2746,"Jessica Phillips","F","ACT",4,$0,"S","N","C"
2747,"Jacinta Van Osta","F","VIC",2,$0,"XXL","Y","B"
2748,"Emily Simpson","F","SA",2,$0,"S","N","C"
2749,"Rose Vigilante","F","QLD",4,$555,"S","N","C"
2750,"Elizabeth Deakin","F","VIC",2,$463,"S","Y","D"
2751,"Daniel Haigh","M","NT",1,$0,"L","N","D"
2752,"Rebecca Vella","F","TAS",5,$422,"L","Y","A"
2753,"Maureen Wetzel","F","SA",3,$0,"M","Y","B"
2754,"Jayde Valentine","F","SA",1,$446,"XL","Y","B"
2755,"Carla Vogler","F","NT",3,$17,"M","N","B"
2756,"Eliza Blandthorn","F","SA",1,$310,"XXL","N","A"
2757,"Emily George","F","NSW",2,$577,"S","Y","C"
2758,"Shayna Khairajani","F","NT",3,$129,"XL","Y","B"
2759,"Chris Childs","F","NT",4,$167,"XL","N","B"
2760,"Amy Smith","F","ACT",5,$591,"L","Y","A"
2761,"James Flynn","M","ACT",5,$419,"S","N","B"
2762,"Jessica Chin","F","TAS",2,$214,"L","Y","C"
2763,"Belinda Totino","F","QLD",2,$52,"XL","Y","A"
2764,"Melissa Butcher","F","QLD",5,$158,"XXL","Y","A"
2765,"Dave Pullen","M","SA",1,$596,"L","Y","A"
2766,"Dean Goulding","M","NSW",5,$109,"L","N","D"
2767,"Melinda Chin","F","WA",3,$311,"L","N","C"
2768,"Jessica Billings","F","ACT",1,$0,"XXL","Y","B"
2769,"Jolene Mc Allister","F","NSW",5,$518,"S","N","B"
2770,"Mark Mc Crystal","M","WA",5,$217,"XXL","Y","A"
2771,"Leanne Allman","F","ACT",3,$388,"L","N","A"
2772,"Sorgey Kollstamtiawn","M","VIC",2,$200,"XS","N","A"
2773,"Andrew Easthope","M","NT",2,$201,"XXL","Y","A"
2774,"Danielle Oerman","F","ACT",4,$528,"L","Y","D"
2775,"Jacqui Macumber","F","NT",4,$568,"XS","Y","B"
2776,"Holly Benedetti","F","QLD",4,$475,"XXL","Y","B"
2777,"Yvonne Fabry","F","TAS",3,$358,"XL","Y","C"
2778,"Gabriella Bednarek","F","NSW",4,$0,"XXL","Y","B"
2779,"Michael Simms","M","VIC",4,$0,"L","N","C"
2780,"Lauren Scott","F","ACT",2,$516,"S","Y","B"
2781,"Auguste Herbunot","M","NT",3,$132,"L","Y","D"
2782,"Eike Germann","M","WA",2,$160,"XXL","Y","D"
2783,"Maria Abboushi","F","TAS",3,$388,"L","Y","D"
2784,"Merav Katz","F","QLD",5,$304,"S","Y","B"
2785,"Kira Fleming","F","QLD",2,$379,"XL","Y","C"
2786,"Robert Crotty","M","QLD",5,$96,"XL","Y","B"
2787,"Kim Dinh","F","WA",1,$110,"XS","N","A"
2788,"Joel Moore","M","NSW",3,$106,"XL","N","C"
2789,"Janine Orr","F","ACT",3,$56,"S","Y","D"
2790,"Tim Goode","M","QLD",3,$101,"S","N","A"
2791,"Chloe Miller","F","VIC",5,$252,"M","Y","D"
2792,"Nicole Butler","F","NSW",1,$133,"S","Y","A"
2793,"Raymond Coulter","M","SA",4,$180,"XXL","N","C"
2794,"Sarah Rovers","F","SA",4,$530,"XS","Y","C"
2795,"Leanne Bury","F","WA",1,$91,"M","Y","B"
2796,"Lachlan Mallic","M","NSW",2,$168,"XXL","N","B"
2797,"Joanne Girling","F","WA",5,$368,"XL","N","D"
2798,"Declan O'Rourke","M","ACT",2,$430,"L","Y","A"
2799,"Armin Tazangi","M","ACT",3,$469,"M","N","C"
2800,"Georgia Mills","F","VIC",3,$0,"XXL","Y","A"
2801,"Jared Cottingham","M","VIC",4,$341,"L","N","D"
2802,"Eden Campbell","F","ACT",1,$482,"S","N","B"
2803,"Debra Bourne","I","WA",1,$455,"XXL","N","C"
2804,"Elizabeth Grech","F","ACT",3,$539,"XL","N","A"
2805,"Amelia Cottingham","F","SA",5,$239,"M","N","C"
2806,"Tarah Westblade","F","TAS",1,$606,"XL","N","D"
2807,"Kelly Bednarz","F","NT",5,$0,"M","N","A"
2808,"Tiffany Ondarchie","F","VIC",1,$200,"XS","Y","D"
2809,"Evie Fortescue","I","WA",4,$316,"S","N","C"
2810,"Thu Vu","F","ACT",5,$70,"XXL","N","A"
2811,"Rowena Conroy","F","VIC",5,$534,"M","N","A"
2812,"Elyse Carr","F","QLD",5,$514,"XL","Y","A"
2813,"Ted Cleary","M","VIC",3,$0,"M","N","B"
2814,"Rose George","F","TAS",2,$94,"M","Y","A"
2815,"Jane Makin","F","NSW",5,$349,"S","N","B"
2816,"Jaria Bernaldo","F","TAS",1,$244,"XS","N","A"
2817,"Melanie Grech","F","ACT",3,$0,"XS","N","C"
2818,"Melinda Dunn","F","VIC",2,$395,"L","N","B"
2819,"Andrew Paurini","M","TAS",3,$491,"XL","N","B"
2820,"Sarah Kelly","F","VIC",3,$202,"M","Y","B"
2821,"Natalie Rutland","F","VIC",5,$237,"XL","Y","A"
2822,"Allira Rutland","F","SA",3,$579,"XL","N","A"
2823,"Bethany Cherry","F","NSW",4,$0,"XL","N","B"
2824,"Mollie Gaden","F","VIC",5,$262,"M","N","C"
2825,"Benjamin Gaden","M","ACT",4,$593,"S","Y","B"
2826,"Jennifer Cutri","F","WA",1,$553,"S","N","B"
2827,"Emily Mead","F","QLD",1,$265,"S","Y","B"
2828,"Christina Gangemi","F","TAS",5,$0,"S","N","B"
2829,"Keryn Menzel","F","VIC",5,$560,"M","N","A"
2830,"Jenni Dawson","F","NT",5,$0,"M","Y","C"
2831,"Rachael Brooking","F","NT",2,$160,"XL","N","D"
2832,"Kelly Harris","F","SA",1,$269,"S","Y","A"
2833,"Lyndall Cowley","F","NSW",5,$255,"L","Y","B"
2834,"Urvish Parikh","M","ACT",3,$285,"S","N","D"
2835,"Liz Shippam","F","WA",1,$518,"M","Y","A"
2836,"Tyler Brennan","M","NSW",5,$171,"XXL","N","C"
2837,"Jackson Bednarz","M","QLD",1,$490,"M","Y","D"
2838,"Faye Surace","F","NSW",3,$586,"XL","Y","D"
2839,"Susannah Dobbie","F","VIC",5,$0,"M","Y","C"
2840,"Alexis Petridis","F","NSW",4,$426,"S","Y","D"
2841,"Renee Newland","F","NSW",2,$240,"S","Y","B"
2842,"Simon Hehir","M","VIC",5,$481,"XL","Y","A"
2843,"Jacqui Mcdougall","F","VIC",3,$0,"S","Y","A"
2844,"Robyn Schubert","F","VIC",5,$0,"M","Y","C"
2845,"Neeraja Shankar","F","NSW",5,$493,"XL","Y","D"
2846,"Susan Northover","F","NSW",2,$250,"M","N","C"
2847,"Nicole Marlow","F","WA",2,$471,"L","N","B"
2848,"Jenny Horman","F","NSW",3,$290,"XS","Y","C"
2849,"Joshua Dickins","M","QLD",1,$489,"S","N","B"
2850,"Ilana Goldman","F","WA",4,$539,"S","N","D"
2851,"Naomi Gelb","F","SA",5,$0,"XL","N","A"
2852,"Jodie Steward","F","WA",2,$0,"L","N","C"
2853,"Simona Paritsky","F","NT",1,$0,"S","Y","B"
2854,"Vincent Timoney","M","TAS",1,$408,"M","N","D"
2855,"Greg Sargent","M","VIC",2,$464,"L","N","D"
2856,"Michele Gange","F","ACT",5,$146,"XL","N","D"
2857,"Christine Lysikatos","F","NSW",4,$420,"L","N","D"
2858,"Cassandra Green","F","VIC",3,$552,"XL","N","B"
2859,"Cindy Liu","F","WA",4,$143,"L","N","B"
2860,"Sarita Malhotra","F","SA",5,$117,"XL","N","B"
2861,"Mark Kelly","M","WA",2,$248,"L","Y","C"
2862,"Jason Salmon","M","NSW",3,$275,"XL","Y","A"
2863,"Steph Mcgarry","F","ACT",2,$124,"XL","Y","A"
2864,"Robert Howarth","M","TAS",3,$583,"XXL","Y","A"
2865,"Kate Nangle","F","NSW",1,$549,"XXL","N","C"
2866,"Fred Pool","M","TAS",1,$234,"M","N","C"
2867,"Vibha Pant","F","VIC",2,$544,"XL","Y","C"
2868,"Lucas Pool","M","WA",4,$365,"XL","N","B"
2869,"Natalie Newton","F","ACT",1,$388,"S","N","D"
2870,"Vasanta Iyer","F","NT",3,$538,"L","N","D"
2871,"Stephen Cooper","M","TAS",3,$503,"M","N","C"
2872,"Lauren Porter","F","SA",5,$518,"S","Y","D"
2873,"Rachel Totino","F","WA",1,$0,"XXL","N","C"
2874,"Justin Davis","M","QLD",4,$0,"L","N","C"
2875,"Tenay Rankin","F","NSW",5,$428,"S","Y","A"
2876,"Joanna Totino","F","QLD",3,$220,"XXL","N","A"
2877,"Rajan Dhingra","M","QLD",5,$269,"M","Y","C"
2878,"Mark Jemison","M","TAS",1,$0,"S","N","D"
2879,"Sheena De Souza","F","SA",2,$421,"S","N","A"
2880,"Betty Fitzgerald","F","TAS",3,$612,"XL","Y","B"
2881,"Rhiannyn Geeson","F","ACT",2,$248,"M","Y","C"
